INSERT INTO SummerFest.Acampamento (ID_Acampamento,Nome,Duracao_Dias,Acomodidades,ID_Localizacao)
VALUES
(1, 'RJ', 6, 'Barracas', 80),
(2, 'Lower Austria', 8, 'Glamping', 47),
(3, 'EC', 9, 'Barracas', 36),
(4, 'AN', 4, 'Cabanas', 92),
(5, 'Tuyên Quang', 10, 'Trailer ou RV', 15),
(6, 'Wigtownshire', 8, 'Cabanas', 73),
(7, 'North Region', 2, 'Barracas', 64),
(8, 'Cartago', 7, 'Barracas', 52),
(9, 'Molise', 4, 'Glamping', 27),
(10, 'Central Kalimantan', 3, 'Trailer ou RV', 41),
(11, 'Free State', 9, 'Chalés', 18),
(12, 'E', 5, 'Trailer ou RV', 76),
(13, 'South Island', 5, 'Barracas', 85),
(14, 'New Brunswick', 8, 'Cabanas', 31),
(15, 'AR', 3, 'Trailer ou RV', 97),
(16, 'ER', 9, 'Trailer ou RV', 8),
(17, 'SA', 4, 'Chalés', 53),
(18, 'Heredia', 5, 'Trailer ou RV', 69),
(19, 'Balıkesir', 2, 'Trailer ou RV', 62),
(20, 'Jigawa', 2, 'Glamping', 20),
(21, 'South Australia', 4, 'Cabanas', 44),
(22, 'AB', 1, 'Chalés', 91),
(23, 'NI', 8, 'Barracas', 77),
(24, 'IL', 5, ' Camping para veículos', 38),
(25, 'PV', 7, ' Camping para veículos', 88),
(26, 'SJ', 7, 'Cabanas', 81),
(27, 'Dalarnas län', 6, 'Cabanas', 59),
(28, 'C', 2, 'Trailer ou RV', 70),
(29, 'Mississippi', 7, 'Cabanas', 29),
(30, 'LAL', 9, 'Chalés', 13),
(31, 'Baja California', 5, 'Chalés', 95),
(32, 'Östergötlands län', 2, 'Glamping', 51),
(33, 'Xīběi', 2, 'Cabanas', 55),
(34, 'Zl', 9, 'Cabanas', 11),
(35, 'Texas', 9, 'Cabanas', 23),
(36, 'North Island', 2, 'Chalés', 56),
(37, 'Nova Scotia', 7, 'Barracas', 83),
(38, 'Champagne-Ardenne', 8, 'Glamping', 48),
(39, 'UT', 8, 'Cabanas', 10),
(40, 'Vestfold og Telemark', 7, 'Trailer ou RV', 67),
(41, 'Hertfordshire', 1, 'Barracas', 33),
(42, 'HP', 9, 'Trailer ou RV', 90),
(43, 'Yukon', 8, ' Camping para veículos', 74),
(44, 'Lima', 2, ' Camping para veículos', 25),
(45, 'La Libertad', 2, 'Trailer ou RV', 22),
(46, 'Henegouwen', 3, 'Cabanas', 68),
(47, 'North Region', 6, 'Cabanas', 9),
(48, 'NU', 3, 'Cabanas', 39),
(49, 'Arequipa', 8, 'Trailer ou RV', 61),
(50, 'Zhōngnán', 9, 'Barracas', 86),
(51, 'CAR', 7, 'Cabanas', 50),
(52, 'KP', 2, ' Camping para veículos', 79),
(53, 'Burgenland', 7, 'Barracas', 6),
(54, 'North-East Region', 4, 'Chalés', 40),
(55, 'Yuc.', 5, 'Glamping', 75),
(56, 'NT', 4, 'Trailer ou RV', 94),
(57, 'Arica y Parinacota', 7, ' Camping para veículos', 84),
(58, '50', 6, 'Barracas', 99),
(59, 'South Island', 4, 'Cabanas', 96),
(60, 'CE', 7, ' Camping para veículos', 19),
(61, 'Munster', 6, 'Barracas', 49),
(62, 'Zuid Holland', 8, 'Barracas', 32),
(63, 'North Jeolla', 4, 'Trailer ou RV', 65),
(64, 'Dōngběi', 9, 'Glamping', 45),
(65, 'BW', 7, ' Camping para veículos', 72),
(66, 'Bolívar', 1, 'Cabanas', 89),
(67, 'Los Ríos', 8, ' Camping para veículos', 7),
(68, 'Bến Tre', 2, 'Chalés', 24),
(69, 'Bình Định', 3, 'Trailer ou RV', 30),
(70, 'Odessa oblast', 2, 'Glamping', 63),
(71, 'Cajamarca', 2, 'Chalés', 78),
(72, 'Volyn oblast', 1, 'Cabanas', 76),
(73, 'Xīnán', 8, ' Camping para veículos', 37),
(74, 'ST', 9, 'Chalés', 26),
(75, 'BC', 8, 'Barracas', 12),
(76, 'WV', 7, 'Trailer ou RV', 60),
(77, 'Bicol Region', 3, 'Glamping', 16),
(78, 'Indiana', 7, 'Trailer ou RV', 97),
(79, 'Renfrewshire', 5, 'Barracas', 84),
(80, 'Tarapacá', 2, 'Glamping', 22),
(81, 'San Luis Potosí', 4, 'Glamping', 93),
(82, 'NL', 2, 'Trailer ou RV', 91),
(83, 'Saskatchewan', 8, 'Barracas', 33),
(84, 'Maluku', 9, 'Cabanas', 59),
(85, 'Meta', 2, 'Cabanas', 35),
(86, 'FS', 7, 'Trailer ou RV', 2),
(87, 'Madrid', 3, 'Trailer ou RV', 76),
(88, 'SJ', 3, 'Barracas', 95),
(89, 'LH', 7, 'Barracas', 77),
(90, 'Northern Territory', 2, ' Camping para veículos', 6),
(91, 'Stockholms län', 8, 'Barracas', 70),
(92, 'PE', 6, 'Trailer ou RV', 30),
(93, 'Limousin', 6, 'Chalés', 14),
(94, 'X', 7, 'Barracas', 81),
(95, 'Lubelskie', 1, ' Camping para veículos', 39),
(96, 'Ryazan Oblast', 8, 'Barracas', 66),
(97, 'Molise', 7, 'Chalés', 92),
(98, 'Huáběi', 9, 'Cabanas', 58),
(99, 'Chih.', 1, 'Glamping', 32),
(100, 'Magallanes y Antártica Chilena', 6, ' Camping para veículos', 5),
(101, 'KL', 2, 'Barracas', 33),
(102, 'NL', 5, 'Chalés', 85),
(103, 'Opolskie', 8, 'Cabanas', 43),
(104, 'AP', 8, 'Trailer ou RV', 71),
(105, 'Punjab', 9, 'Chalés', 48),
(106, 'MO', 10, 'Glamping', 51),
(107, 'Córdoba', 9, ' Camping para veículos', 47),
(108, 'Iowa', 2, 'Glamping', 43),
(109, 'Western Australia', 6, 'Glamping', 90),
(110, 'L', 4, ' Camping para veículos', 78),
(111, 'Ancash', 10, ' Camping para veículos', 57),
(112, 'Loreto', 6, 'Trailer ou RV', 69),
(113, 'Lubuskie', 5, 'Trailer ou RV', 66),
(114, 'Comunitat Valenciana', 8, 'Barracas', 55),
(115, 'LAM', 4, 'Trailer ou RV', 76),
(116, 'South Jeolla', 6, 'Barracas', 67),
(117, 'Veracruz', 4, 'Glamping', 63),
(118, 'LB', 2, 'Trailer ou RV', 42),
(119, 'Nebraska', 7, 'Trailer ou RV', 24),
(120, 'Burgenland', 4, 'Glamping', 57),
(121, 'Quindío', 5, 'Cabanas', 36),
(122, 'VIC', 9, 'Trailer ou RV', 39),
(123, 'Sachsen', 3, 'Barracas', 6),
(124, 'Zhytomyr oblast', 10, 'Barracas', 45),
(125, '54', 1, ' Camping para veículos', 68),
(126, 'CR', 1, 'Glamping', 46),
(127, 'Upper Austria', 1, ' Camping para veículos', 56),
(128, 'Querétaro', 9, 'Cabanas', 25),
(129, 'North Gyeongsang', 10, 'Glamping', 76),
(130, 'SJ', 6, 'Cabanas', 73),
(131, 'Northern Cape', 10, 'Trailer ou RV', 71),
(132, 'NB', 8, 'Trailer ou RV', 30),
(133, 'Basilicata', 2, 'Glamping', 89),
(134, 'Eastern Visayas', 1, 'Chalés', 13),
(135, 'Special Capital Region of Jakarta', 9, ' Camping para veículos', 78),
(136, 'Santa Catarina', 2, 'Chalés', 36),
(137, 'LB', 8, 'Chalés', 19),
(138, 'Chis.', 6, 'Cabanas', 47),
(139, 'SAP', 6, 'Chalés', 50),
(140, 'NA', 6, 'Chalés', 36),
(141, 'WC', 9, 'Glamping', 28),
(142, 'Chungbuk', 5, 'Trailer ou RV', 97),
(143, 'Queensland', 6, 'Chalés', 14),
(144, 'Tirol', 2, 'Barracas', 62),
(145, 'F', 4, 'Glamping', 26),
(146, 'North-East Region', 5, 'Barracas', 44),
(147, 'Western Visayas', 1, 'Cabanas', 89),
(148, 'Caraga', 7, 'Glamping', 52),
(149, 'UMB', 10, 'Cabanas', 47),
(150, 'XIV', 6, 'Glamping', 61),
(151, 'Northern Territory', 2, 'Glamping', 36),
(152, 'Magallanes y Antártica Chilena', 2, 'Barracas', 84),
(153, 'Bourgogne-Franche-Comté', 6, 'Cabanas', 25),
(154, 'NS', 4, 'Glamping', 81),
(155, 'BR', 5, 'Chalés', 51),
(156, 'Central Visayas', 10, 'Barracas', 88),
(157, 'W', 6, 'Cabanas', 98),
(158, 'Eastern Cape', 8, 'Barracas', 13),
(159, 'Cuộc sống', 5, 'Cabanas', 20),
(160, 'Moquegua', 9, 'Cabanas', 34),
(161, 'Loire-Atlantique', 7, 'Trailer ou RV', 67),
(162, 'Møre og Romsdal', 2, 'Cabanas', 43),
(163, 'Var', 8, 'Barracas', 54);

INSERT INTO SummerFest.Artista (ID_Artista,Nome_Artistico,Nome_Verdadeiro,Estilo_Musical,Idade,Premios,Nacionalidade)
VALUES
  (1,'Luna Belle','Charlotte Q. Burgess','Folk',56,'Billboard Music Awards (United States)','South Korea'),
  (2,'Symphony Rivers','Uriel K. Valentine','Country',65,'Rock and Roll Hall of Fame (United States)','United States'),
  (3,'Lennon Riff','Anastasia S. Parrish','Classical',52,'American Music Awards (United States)','China'),
  (4,'Jasper Chordwood','Igor T. Walter','Reggae',45,'BET Awards (United States)','United States'),
  (5,'Lennon Rhythmson','Stone T. Young','Electronic',48,'Ivor Novello Awards (United Kingdom)','Chile'),
  (6,'Apollo Jazzman','Stuart Q. Gentry','Salsa',54,'Academy Awards (Oscars) for Best Original Song (United States)','Costa Rica'),
  (7,'Xavier Beatsmith','Yuli V. Odom','Hip-hop',60,'BET Awards (United States)','Pakistan'),
  (8,'Calliope Harmonia','Aidan A. Olsen','Gospel',53,'Juno Awards (Canada)','Russian Federation'),
  (9,'Bruce Dickinson (Iron Maiden)','Chloe S. Owen','Rock',63,'Mercury Prize (United Kingdom)','Mexico'),
  (10,'Soren Cadence','Hilary F. Richmond','Hip-hop',39,'Rock and Roll Hall of Fame (United States)','Nigeria'),
  (11,'Quinn Serenade','Peter C. Ruiz','Metal',27,'Academy Awards (Oscars) for Best Original Song (United States)','Brazil'),
  (12,'Willow Tempo','Melinda X. Barry','Country',63,'Brit Awards (United Kingdom)','Canada'),
  (13,'Willow Tempo','Elvis H. Madden','Jazz',20,'American Music Awards (United States)','South Africa'),
  (14,'Robert Plant (Led Zeppelin)','Shad R. Osborne','Blues',31,'Grammy Awards (United States)','South Korea'),
  (16,'Cadence Breeze','Beatrice O. Guerrero','R&B (Rhythm and Blues)',25,'Country Music Association (CMA) Awards (United States)','Singapore'),
  (17,'Brian Wilson (The Beach Boys)','Francis F. Whitley','Punk',19,'Brit Awards (United Kingdom)','Singapore'),
  (18,'Steven Tyler (Aerosmith)','Paloma I. Winters','Salsa',52,'Billboard Music Awards (United States)','Brazil'),
  (19,'Quinn Nightingale','Jena T. Terrell','Metal',64,'Country Music Association (CMA) Awards (United States)','Spain'),
  (20,'Zara Drummond','Uriah A. Hays','Gospel',45,'Grammy Awards (United States)','Norway'),
  (21,'Aurora Melody','Lillith X. Olsen','Metal',57,'Country Music Association (CMA) Awards (United States)','Colombia'),
  (22,'Apollo Tremolo','Judith H. Mcmillan','Rock',62,'Rock and Roll Hall of Fame (United States)','South Korea'),
  (23,'Aria Beatbox','Josephine M. Warner','Jazz',21,'American Music Awards (United States)','Russian Federation'),
  (24,'Marigold Bells','Bree P. Lindsey','Salsa',64,'Juno Awards (Canada)','France'),
  (25,' Aurora Chordwood','Vivian W. Ray','Rock',29,'Polar Music Prize (Sweden)','Vietnam'),
  (26,'Leonardo DiChario','Kenyon B. Branch','Gospel',41,'Rock and Roll Hall of Fame (United States)','Philippines'),
  (27,'Soren Rhythms','Fritz Z. Hogan','Folk',31,'Billboard Music Awards (United States)','Chile'),
  (28,'Luna Serenade','Maggy S. French','Blues',53,'Grammy Awards (United States)','Colombia'),
  (29,'Billy Idol','Xaviera K. Weaver','Salsa',48,'International Bluegrass Music Awards (United States)','Italy'),
  (30,'Aria Rockwell','Orson U. Snider','Electronic',59,'Country Music Association (CMA) Awards (United States)','Norway'),
  (31,'Willow Tempo','Tyrone Q. Turner','Country',36,'Juno Awards (Canada)','Germany'),
  (32,'Melody Songbird','Tucker R. Macias','Hip-hop',29,'American Music Awards (United States)','Turkey'),
  (33,'Rocco Bassline','Damian C. Villarreal','Salsa',19,'Mercury Prize (United Kingdom)','Indonesia'),
  (34,'Smokey Robinson','Jameson U. Rogers','Blues',36,'MTV Video Music Awards (United States)','South Africa'),
  (35,'Alice Cooper','Nadine L. Becker','Pop',35,'MTV Video Music Awards (United States)','Austria'),
  (36,'Ivory Keys','Marvin Y. Melton','Jazz',63,'Billboard Music Awards (United States)','Poland'),
  (37,'Beyoncée Knowles','Kristen L. Adkins','Country',20,'Rock and Roll Hall of Fame (United States)','Colombia'),
  (38,'Zephyr Saxton','Cheyenne I. Day','Jazz',26,'American Music Awards (United States)','China'),
  (39,'Phoenix Rockwell','Carter J. Luna','Blues',64,'Mercury Prize (United Kingdom)','Nigeria'),
  (40,'Aria Tempo','Ulric B. Stout','Electronic',18,'Golden Globe Awards for Best Original Song (United States)','United States'),
  (41,'Quinn Serenade','Noble Q. Becker','Punk',39,'Brit Awards (United Kingdom)','Germany'),
  (42,'Calliope Harmonia','Tucker X. Kirkland','Pop',43,'Brit Awards (United Kingdom)','Brazil'),
  (43,'Celeste Harmonix','Xyla B. Mcfadden','Rock',55,'Academy Awards (Oscars) for Best Original Song (United States)','Australia'),
  (44,'Ember Solstice','Anjolie S. Cook','R&B (Rhythm and Blues)',40,'MTV Video Music Awards (United States)','Pakistan'),
  (45,'Willow Tempo','Dominic O. Schroeder','Rock',21,'International Bluegrass Music Awards (United States)','Peru'),
  (46,'Mick Jagger','Nigel J. Landry','Punk',64,'American Music Awards (United States)','Vietnam'),
  (47,'Sting','Ethan G. Barnett','Reggae',64,'Country Music Association (CMA) Awards (United States)','Peru'),
  (48,'Aria Tempo','Malcolm Y. Ramirez','Country',30,'Polar Music Prize (Sweden)','Germany'),
  (49,'Phoenix Rockwell','Ivan U. Bean','Hip-hop',28,'BET Awards (United States)','South Korea'),
  (50,'Annie Lennox','Chaim R. Craft','Rock',36,'MTV Video Music Awards (United States)','Russian Federation'),
  (51,'Luna Marimba','Ursa M. Keith','Blues',45,'Polar Music Prize (Sweden)','Indonesia'),
  (52,'Amara Tempo','Craig B. Calderon','Electronic',24,'Rock and Roll Hall of Fame (United States)','Ukraine'),
  (53,'Roger Waters (Pink Floyd)','Vincent S. Evans','Reggae',51,'BET Awards (United States)','Vietnam'),
  (54,'Lyra Melody','Rogan T. Perkins','Punk',60,'Brit Awards (United Kingdom)','United States'),
  (55,'Juno Serenade','Shannon H. Rodriquez','Reggae',33,'Rock and Roll Hall of Fame (United States)','Russian Federation'),
  (56,'Lennon Riff','Felix R. Maxwell','Reggae',44,'Ivor Novello Awards (United Kingdom)','Poland'),
  (57,'Smokey Robinson','Brett I. Mcdowell','Pop',31,'Brit Awards (United Kingdom)','Norway'),
  (58,'Madonna','Daria G. Meadows','Folk',56,'Rock and Roll Hall of Fame (United States)','Austria'),
  (59,'Rocco Bassline','Constance Q. Griffith','Pop',36,'Ivor Novello Awards (United Kingdom)','France'),
  (60,'Melina Groove','Burke P. Underwood','Classical',57,'Grammy Awards (United States)','China'),
  (61,'Paul McCartney','Michelle Q. Mcmillan','Hip-hop',64,'Grammy Awards (United States)','Ireland'),
  (62,'Felix Grooves','Christine K. Leblanc','Punk',29,'Golden Globe Awards for Best Original Song (United States)','Nigeria'),
  (63,'Leonardo DiChario','Madeson X. Holman','Country',20,'Academy Awards (Oscars) for Best Original Song (United States)','South Korea'),
  (64,'Felix Starstrum','Laith G. Daniels','Blues',45,'International Bluegrass Music Awards (United States)','Peru'),
  (65,'Billy Idol','Thaddeus F. Nielsen','Gospel',24,'Ivor Novello Awards (United Kingdom)','Vietnam'),
  (66,'Jon Bon Jovi','Jared F. Jones','Electronic',43,'International Bluegrass Music Awards (United States)','Austria'),
  (67,'Jazzlyn Silverton','Troy O. Hoffman','Pop',55,'Brit Awards (United Kingdom)','China'),
  (68,'Zephyr Saxton','Barclay G. Parker','Gospel',52,'Rock and Roll Hall of Fame (United States)','France'),
  (69,'Celeste Jazzsmith','Blythe V. Berry','Rock',41,'Golden Globe Awards for Best Original Song (United States)','Canada'),
  (70,'Jasper Chordwood','Aladdin L. Reilly','Gospel',55,'Academy Awards (Oscars) for Best Original Song (United States)','United Kingdom'),
  (71,'Carlos Santana','Blake M. Oneal','Gospel',38,'Brit Awards (United Kingdom)','New Zealand'),
  (72,'Rocco Bassline','Hayes S. Campos','Metal',48,'Mercury Prize (United Kingdom)','Indonesia'),
  (73,'Phoenix Rockwell','Phoebe U. Buckley','Blues',41,'International Bluegrass Music Awards (United States)','Vietnam'),
  (74,'Harmony','Paloma C. Norton','Gospel',43,'BET Awards (United States)','Sweden'),
  (75,'Jasper Staccato','Uma P. Schmidt','Country',38,'Country Music Association (CMA) Awards (United States)','Turkey'),
  (76,'Apollo Jazzman','Emerald P. Schwartz','Pop',41,'Billboard Music Awards (United States)','Singapore'),
  (77,'Tony Bennett','Oren H. Brock','Punk',34,'Grammy Awards (United States)','Canada'),
  (78,'Amara Tempo','Renee B. Keller','Salsa',62,'MTV Video Music Awards (United States)','New Zealand'),
  (79,'Saffron Symphony','Lionel X. Barber','Jazz',20,'Polar Music Prize (Sweden)','Brazil'),
  (80,'Leonardo DiChario','Roary L. Robertson','Jazz',40,'Ivor Novello Awards (United Kingdom)','Mexico'),
  (81,'Zephyr Saxton','Lucas J. Larson','Gospel',54,'Juno Awards (Canada)','Russian Federation'),
  (82,'Annie Lennox','Keane S. Wynn','Classical',38,'Rock and Roll Hall of Fame (United States)','Turkey'),
  (83,'Apollo Tremolo','Donna X. Cash','Rock',22,'Billboard Music Awards (United States)','Pakistan'),
  (84,'Bruce Dickinson (Iron Maiden)','Kasper R. Beach','Salsa',42,'Rock and Roll Hall of Fame (United States)','Pakistan'),
  (85,'Rocco Bassline','Paul E. Terrell','Electronic',50,'International Bluegrass Music Awards (United States)','Chile'),
  (86,'Rod Stewart','May W. Ryan','R&B (Rhythm and Blues)',53,'MTV Video Music Awards (United States)','Germany'),
  (87,'Jazzlyn Bellamy','Francesca S. Fry','Country',50,'Brit Awards (United Kingdom)','Brazil'),
  (88,'Harmony','Elaine L. Parks','Pop',45,'Ivor Novello Awards (United Kingdom)','China'),
  (89,'Orion Jazzborne','Hall J. Ratliff','Metal',35,'Polar Music Prize (Sweden)','Australia'),
  (90,'Annie Lennox','Clinton F. Odonnell','Punk',44,'Golden Globe Awards for Best Original Song (United States)','Belgium'),
  (91,'Ruby Bluesky','Cullen G. Ewing','R&B (Rhythm and Blues)',46,'MTV Video Music Awards (United States)','South Korea'),
  (92,'Harmony Melodia','Rebekah G. Yang','Punk',43,'Rock and Roll Hall of Fame (United States)','Indonesia'),
  (93,'Sting','Eagan P. Hicks','Jazz',56,'Country Music Association (CMA) Awards (United States)','Canada'),
  (94,' Aurora Chordwood','Kameko C. Gross','Electronic',47,'Mercury Prize (United Kingdom)','Spain'),
  (95,'Zephyr Saxton','Miranda Y. Tillman','Rock',47,'International Bluegrass Music Awards (United States)','Ireland'),
  (96,'Keith Richards','Virginia U. Reilly','Gospel',61,'Billboard Music Awards (United States)','Vietnam'),
  (97,'Apollo Nightingale','Tashya H. Haynes','Hip-hop',58,'BET Awards (United States)','Turkey'),
  (98,' Diana Ross','Dillon M. Chandler','Folk',38,'International Bluegrass Music Awards (United States)','Australia'),
  (99,' Diana Ross','Judah T. Herring','Classical',56,'Country Music Association (CMA) Awards (United States)','South Africa'),
  (100,'Melody Jazzman','Colorado S. Arnold','Punk',53,'Billboard Music Awards (United States)','Canada'),
  (101,'Kim Kardazzle','Zahir G. Rodriquez','Salsa',22,'International Bluegrass Music Awards (United States)','New Zealand'),
  (102,'Quinn Serenade','Fiona H. Hodge','Reggae',62,'Juno Awards (Canada)','Belgium'),
  (103,'Jazzlyn Rhapsody','Gail K. Henson','Reggae',40,'Country Music Association (CMA) Awards (United States)','Norway'),
  (104,'Melody Jazzman','Amery I. Parsons','Country',20,'Academy Awards (Oscars) for Best Original Song (United States)','Singapore'),
  (105,'Harmony Stardust','Iliana L. Garcia','R&B (Rhythm and Blues)',23,'Grammy Awards (United States)','Sweden'),
  (106,'Zara Drummond','Flynn C. Whitfield','Electronic',25,'Rock and Roll Hall of Fame (United States)','South Korea'),
  (107,'Lyra Melody','Selma J. Snow','Metal',49,'Rock and Roll Hall of Fame (United States)','South Africa'),
  (108,'Seraphina Melodia','Fletcher R. Moon','R&B (Rhythm and Blues)',38,'International Bluegrass Music Awards (United States)','Belgium'),
  (109,'Harmony','Mira X. Osborne','Salsa',35,'Golden Globe Awards for Best Original Song (United States)','Belgium'),
  (110,'Apollo Keyes','Buckminster C. Barton','Gospel',35,'Polar Music Prize (Sweden)','Italy');  

  
INSERT INTO SummerFest.Barraca(ID_Barraca,Tipo_de_alimentacao,ID_Patrocinador)
VALUES
 (1, 'Kebabs', 54),
(2, 'Hot dogs', 36),
(3, 'Sumo', 82),
(4, 'Hot dogs', 17),
(5, 'Água', 92),
(6, 'Água', 41),
(7, 'Bebidas Brancas', 69),
(8, 'Hamburguer', 58),
(9, 'Água', 73),
(10, 'Churros', 25),
(11, 'Sumo', 7),
(12, 'Churros', 88),
(13, 'Hamburguer', 14),
(14, 'Cerveja', 96),
(15, 'Cerveja', 60),
(16, 'Hamburguer', 45),
(17, 'Água', 31),
(18, 'Bebidas Brancas', 79),
(19, 'Hamburguer', 50),
(20, 'Sangria', 68),
(21, 'Churros', 99),
(22, 'Hot dogs', 39),
(23, 'Hamburguer', 72),
(24, 'Sumo', 63),
(25, 'Cerveja', 53),
(26, 'Bebidas Brancas', 21),
(27, 'Panados', 30),
(28, 'Bebidas Brancas', 66),
(29, 'Hamburguer', 84),
(30, 'Sumo', 76),
(31, 'Tacos', 94),
(32, 'Cerveja', 3),
(33, 'Kebabs', 9),
(34, 'Hot dogs', 42),
(35, 'Panados', 67),
(36, 'Sumo', 22),
(37, 'Hot dogs', 55),
(38, 'Cerveja', 47),
(39, 'Água', 80),
(40, 'Churros', 16),
(41, 'Cerveja', 24),
(42, 'Hamburguer', 11),
(43, 'Hamburguer', 33),
(44, 'Hot dogs', 86),
(45, 'Hamburguer', 91),
(46, 'Hot dogs', 28),
(47, 'Hot dogs', 48),
(48, 'Cerveja', 64),
(49, 'Panados', 13),
(50, 'Hot dogs', 77),
(51, 'Sangria', 19),
(52, 'Cerveja', 65),
(53, 'Tacos', 5),
(54, 'Sangria', 93),
(55, 'Hot dogs', 38),
(56, 'Hamburguer', 70),
(57, 'Água', 1),
(58, 'Cerveja', 90),
(59, 'Bebidas Brancas', 46),
(60, 'Hot dogs', 83),
(61, 'Cerveja', 34),
(62, 'Hamburguer', 23),
(63, 'Bebidas Brancas', 56),
(64, 'Tacos', 98),
(65, 'Churros', 75),
(66, 'Tacos', 81),
(67, 'Hamburguer', 26),
(68, 'Kebabs', 74),
(69, 'Bebidas Brancas', 89),
(70, 'Bebidas Brancas', 35),
(71, 'Churros', 61),
(72, 'Água', 97),
(73, 'Cerveja', 4),
(74, 'Sangria', 15),
(75, 'Churros', 37),
(76, 'Panados', 2),
(77, 'Bebidas Brancas', 51),
(78, 'Cerveja', 10),
(79, 'Panados', 57),
(80, 'Bebidas Brancas', 87),
(81, 'Bebidas Brancas', 20),
(82, 'Cerveja', 71),
(83, 'Cerveja', 49),
(84, 'Água', 8),
(85, 'Kebabs', 27),
(86, 'Kebabs', 62),
(87, 'Sangria', 12),
(88, 'Bebidas Brancas', 29),
(89, 'Tacos', 78),
(90, 'Cerveja', 85),
(91, 'Cerveja', 32),
(92, 'Cerveja', 40),
(93, 'Bebidas Brancas', 6),
(94, 'Cerveja', 18),
(95, 'Cerveja', 95),
(96, 'Churros', 44),
(97, 'Sumo', 13),
(98, 'Sangria', 52),
(99, 'Cerveja', 59),
(100, 'Churros', 43),
(101, 'Sumo', 100),
(102, 'Cerveja', 91),
(103, 'Água', 33),
(104, 'Sangria', 65),
(105, 'Cerveja', 78),
(106, 'Água', 55),
(107, 'Kebabs', 77),
(108, 'Kebabs', 10),
(109, 'Hot dogs', 42),
(110, 'Cerveja', 25),
(111, 'Cerveja', 80),
(112, 'Sumo', 18),
(113, 'Cerveja', 76),
(114, 'Panados', 58),
(115, 'Bebidas Brancas', 89),
(116, 'Churros', 26),
(117, 'Kebabs', 38),
(118, 'Hamburguer', 72),
(119, 'Cerveja', 41),
(120, 'Hot dogs', 12),
(121, 'Churros', 70),
(122, 'Cerveja', 50),
(123, 'Hamburguer', 4),
(124, 'Panados', 79),
(125, 'Hot dogs', 3),
(126, 'Sangria', 7),
(127, 'Hamburguer', 97),
(128, 'Churros', 59),
(129, 'Panados', 68),
(130, 'Cerveja', 39),
(131, 'Churros', 96),
(132, 'Sumo', 64),
(133, 'Cerveja', 46),
(134, 'Tacos', 2),
(135, 'Sangria', 13),
(136, 'Sumo', 91),
(137, 'Hamburguer', 71),
(138, 'Hot dogs', 50),
(139, 'Bebidas Brancas', 83),
(140, 'Sumo', 24),
(141, 'Hot dogs', 15),
(142, 'Hot dogs', 47),
(143, 'Churros', 62),
(144, 'Cerveja', 89),
(145, 'Sangria', 6),
(146, 'Kebabs', 30),
(147, 'Hot dogs', 19),
(148, 'Sumo', 9),
(149, 'Sumo', 67),
(150, 'Tacos', 22)

INSERT INTO SummerFest.Concerto_Dado_Por_Artista (ID_Artista,ID_Concerto)
VALUES
  ("209293201","49165403"),
  ("543277557","53431815"),
  ("384387405","40567397"),
  ("408128835","63514263"),
  ("140978439","21686761"),
  ("308222648","32053130"),
  ("491712811","81949650"),
  ("585564188","79295945"),
  ("522017295","68430193"),
  ("577455509","48401029"),
  ("522017295","77973673"),
  ("836324045","75877281"),
  ("613568392","76738724"),
  ("311685928","73095255"),
  ("308222648","62086666"),
  ("487353603","42284992"),
  ("636980453","86569417"),
  ("500726389","79295945"),
  ("798141494","21718842"),
  ("282464155","77973673"),
  ("248532565","20313723"),
  ("496087342","62362323"),
  ("670725282","71007764"),
  ("605239815","10954563"),
  ("592886232","33441748"),
  ("475198346","15700447"),
  ("288134109","26588571"),
  ("436834274","48138844"),
  ("543277557","32053130"),
  ("597252863","34637337"),
  ("115494689","61147810"),
  ("855837864","19499888"),
  ("638236359","69490317"),
  ("956056150","26588571"),
  ("229666808","5042795"),
  ("369318118","49880940"),
  ("577455509","74931950"),
  ("597252863","27116775"),
  ("106968141","10954563"),
  ("863949297","69028311"),
  ("311685928","21686761"),
  ("140978439","20313723"),
  ("670725282","37353430"),
  ("181266549","17949029"),
  ("115494689","6675018"),
  ("208433555","49880940"),
  ("670725282","20148922"),
  ("534309149","61157917"),
  ("597252863","39580131"),
  ("248532565","76738724"),
  ("208433555","60684380"),
  ("424151966","84150013"),
  ("592886232","55135047"),
  ("688637662","79530317"),
  ("637519807","90578340"),
  ("397734908","39497596"),
  ("920033333","21746835"),
  ("500726389","79295945"),
  ("345903488","37386221"),
  ("746610191","5621531"),
  ("968343259","1228592"),
  ("999230238","1228592"),
  ("942995790","49839431"),
  ("474585689","53724111"),
  ("636980453","39497596"),
  ("746610191","98200391"),
  ("487353603","18677821"),
  ("107817860","63514263"),
  ("385526357","57383141"),
  ("205076911","57383141"),
  ("798141494","27116775"),
  ("786877825","64673687"),
  ("407360912","62362323"),
  ("670725282","21746835"),
  ("427273707","77220620"),
  ("828051355","64694771"),
  ("346402638","7410641"),
  ("325198034","10954563"),
  ("288134109","60608773"),
  ("860205090","33441748"),
  ("407867002","17949029"),
  ("626177277","88666965"),
  ("181266549","90842401"),
  ("577455509","23410807"),
  ("115494689","58062708"),
  ("312247951","37386221"),
  ("322572613","24204560"),
  ("346402638","17847745"),
  ("369318118","64933696"),
  ("575836497","53981360"),
  ("106968141","33441748"),
  ("986539864","49165403"),
  ("797979265","91200604"),
  ("899605848","17368699"),
  ("717371935","18677821"),
  ("746610191","60510424"),
  ("407940437","52511804"),
  ("855837864","21686761"),
  ("311685928","23410807"),
  ("140978439","17949029"),
  ("543277557","42341508"),
  ("588780377","91200604"),
  ("863949297","20313723"),
  ("654506619","96639713"),
  ("920033333","34637337"),
  ("345903488","8006719"),
  ("130392994","21686761"),
  ("607746700","94142920"),
  ("854226424","22490305"),
  ("128169272","94470657"),
  ("208433555","84903667"),
  ("959624938","49839431"),
  ("692693720","11995409"),
  ("851838045","33336271"),
  ("637519807","44230921"),
  ("308222648","18059617"),
  ("336695368","74761353"),
  ("598577459","58062708"),
  ("986539864","44963538"),
  ("500726389","53981360"),
  ("755340830","78212808"),
  ("208433555","9219893"),
  ("474585689","64090271"),
  ("618266585","17061312"),
  ("920033333","32309392"),
  ("942995790","90141868"),
  ("959624938","37353430"),
  ("999230238","17847745"),
  ("636980453","79011348"),
  ("325198034","53777813"),
  ("934289830","32507746"),
  ("475198346","10954563"),
  ("522017295","44230921"),
  ("345903488","8006719"),
  ("986539864","6675018"),
  ("209293201","60684380"),
  ("956056150","91227302"),
  ("959624938","49165403"),
  ("248532565","86569417"),
  ("804686495","27114946"),
  ("638236359","64673687"),
  ("374510672","10661649"),
  ("495955932","90842401"),
  ("346402638","44213662"),
  ("937746298","62699020"),
  ("593385186","9781875"),
  ("317536868","75877281"),
  ("408128835","52157850"),
  ("956056150","9781875"),
  ("531268868","69028311"),
  ("870716782","32053130"),
  ("338642767","53724111"),
  ("899605848","21746835"),
  ("637519807","89623454"),
  ("408128835","92779098"),
  ("870716782","53954672"),
  ("522017295","20697362"),
  ("937746298","20148922"),
  ("384387405","19499888"),
  ("167912212","52511804"),
  ("926749146","27523624"),
  ("282464155","85830945"),
  ("208433555","62362323"),
  ("534309149","91227302"),
  ("654506619","9086212"),
  ("860205090","94470657"),
  ("495955932","45168719"),
  ("130392994","4519547"),
  ("612752234","20313723"),
  ("106968141","78212808"),
  ("675988725","58674239"),
  ("804686495","28376619"),
  ("167912212","78694929"),
  ("397734908","35199158"),
  ("755340830","94470657"),
  ("475198346","91200604"),
  ("742443666","17368699"),
  ("708648951","49609691"),
  ("626177277","80180747"),
  ("288134109","44213662"),
  ("666465109","50252043"),
  ("942995790","74931950"),
  ("999230238","84903667"),
  ("585564188","11725540"),
  ("879632948","8263987"),
  ("670725282","73933599"),
  ("248532565","27523624"),
  ("543277557","96639713"),
  ("374510672","70807225"),
  ("959624938","5042795"),
  ("393926289","4519547"),
  ("851838045","79295945"),
  ("205076911","64302266"),
  ("396358947","77703571"),
  ("755340830","73933599"),
  ("345903488","93840685"),
  ("670725282","11725540"),
  ("543277557","17061312"),
  ("393926289","11641264"),
  ("863949297","30759188"),
  ("130392994","80688790"),
  ("543277557","84903667"),
  ("755340830","34637337"),
  ("746515119","60510424"),
  ("534309149","84150013"),
  ("500726389","21710179"),
  ("397734908","75877281"),
  ("584681823","81956685"),
  ("229666808","69490317"),
  ("369318118","77183989"),
  ("543277557","58062708"),
  ("427273707","73379103"),
  ("427273707","4519547"),
  ("396358947","77973673"),
  ("937746298","61186516"),
  ("322572613","23410807"),
  ("870716782","64941255"),
  ("755340830","80536797"),
  ("475198346","71007764"),
  ("369318118","53954672"),
  ("708648951","63514263"),
  ("798141494","75349612"),
  ("163050614","41027675"),
  ("543277557","30026636"),
  ("937746298","53981360"),
  ("688624234","77973673"),
  ("205076911","37386221"),
  ("597252863","1228592"),
  ("167912212","90578340"),
  ("531268868","37353430"),
  ("308105093","79011348"),
  ("607746700","39580131"),
  ("937746298","71007764"),
  ("598577459","21718842"),
  ("753436333","15700447"),
  ("311217191","88666965"),
  ("345903488","55421652"),
  ("612752234","63252517"),
  ("598577459","77220620"),
  ("670725282","17061312"),
  ("391041049","44963538"),
  ("584681823","64673687"),
  ("753436333","66942687"),
  ("746610191","97508969"),
  ("474585689","52157850"),
  ("584681823","37353430"),
  ("346402638","32507746"),
  ("205076911","85830945"),
  ("491703075","67689997"),
  ("597252863","30026636");

INSERT INTO SummerFest.Concerto (Numero_Concerto,Duracao_Minutos,Data_do_Concerto,ID_Festival,ID_Palco)
VALUES
(1, 121, '2023-09-01', 50, 98),
(2, 126, '2023-08-30', 63, 24),
(3, 113, '2023-07-27', 91, 7),
(4, 134, '2023-05-18', 34, 58),
(5, 139, '2023-05-21', 29, 43),
(6, 107, '2023-09-22', 60 , 58),
(7, 144, '2023-05-23', 65, 40),
(8, 81, '2023-10-29', 59, 9),
(9, 82, '2023-07-21', 81, 34),
(10, 114, '2023-07-18', 75, 113),
(11, 113, '2023-09-09', 36, 34),
(12, 156, '2023-05-04', 11, 53),
(13, 179, '2023-05-17', 8, 22),
(14, 98, '2023-06-21', 85, 33),
(15, 89, '2023-10-08', 35, 32),
(16, 167, '2023-08-15', 35, 94),
(17, 134, '2023-05-23', 18, 49),
(18, 113, '2023-08-24', 53, 58),
(19, 102, '2023-08-01', 43, 6),
(20, 100, '2023-07-09', 85, 57),
(21, 161, '2023-08-05', 89, 32),
(22, 94, '2023-09-12', 75, 74),
(23, 128, '2023-07-14', 59, 64),
(24, 151, '2023-09-01', 36, 117),
(25, 101, '2023-07-11', 83, 24),
(26, 134, '2023-08-23', 55, 46),
(27, 113, '2023-09-01', 33, 105),
(28, 97, '2023-10-14', 56, 106),
(29, 143, '2023-08-17', 10, 55),
(30, 106, '2023-05-12', 58, 18),
(31, 87, '2023-09-20', 82, 55),
(32, 130, '2023-08-10', 39, 9),
(33, 130, '2023-10-22', 16, 74),
(34, 99, '2023-06-08', 64, 75),
(35, 95, '2023-10-19', 45, 4),
(36, 150, '2023-05-30', 10, 131),
(37, 108, '2023-08-29', 45, 62),
(38, 99, '2023-09-23', 47, 17),
(39, 86, '2023-08-18', 74, 70),
(40, 153, '2023-10-19', 25, 120),
(41, 85, '2023-09-29', 2, 83),
(42, 159, '2023-06-18', 5, 20),
(43, 96, '2023-10-28', 78, 73),
(44, 163, '2023-07-01', 71, 91),
(45, 81, '2023-07-06', 14, 59),
(46, 122, '2023-08-01', 68, 126),
(47, 101, '2023-06-01', 89, 52),
(48, 170, '2023-08-04', 9, 97),
(49, 86, '2023-06-21', 62, 33),
(50, 140, '2023-07-21', 12, 28),
(51, 107, '2023-08-31', 97, 91),
(52, 93, '2023-07-12', 53, 81),
(53, 109, '2023-06-02', 78, 37),
(54, 83, '2023-09-11', 86, 28),
(55, 116, '2023-09-27', 64, 109),
(56, 163, '2023-10-26', 60, 102),
(57, 148, '2023-09-27', 90, 26),
(58, 175, '2023-09-04', 77, 27),
(59, 157, '2023-05-15', 13, 52),
(60, 84, '2023-06-10', 18, 78),
(61, 86, '2023-09-29', 48, 68),
(62, 164, '2023-07-14', 47, 15),
(63, 169, '2023-09-29', 68, 67),
(64, 173, '2023-10-18', 38, 48),
(65, 161, '2023-06-14', 99, 69),
(66, 127, '2023-05-27', 20, 106),
(67, 132, '2023-08-09', 37, 107),
(68, 90, '2023-05-19', 48 , 32),
(69, 81, '2023-09-25', 49, 34),
(70, 108, '2023-06-08', 93, 5),
(71, 150, '2023-07-11', 64, 56),
(72, 177, '2023-07-27', 29, 12),
(73, 135, '2023-06-27', 9, 31),
(74, 118, '2023-07-04', 99, 51),
(75, 171, '2023-07-15', 37, 29),
(76, 178, '2023-06-01', 4, 102),
(77, 156, '2023-07-20', 7, 25),
(78, 109, '2023-09-07', 40, 29),
(79, 141, '2023-07-22', 3, 23),
(80, 139, '2023-08-20', 98, 116),
(81, 97, '2023-09-29', 61, 45),
(82, 158, '2023-07-25', 52, 97),
(83, 157, '2023-07-19', 82, 77),
(84, 145, '2023-06-27', 31, 11),
(85, 166, '2023-09-18', 95, 75),
(86, 118, '2023-09-23', 52, 60),
(87, 133, '2023-09-30', 12, 33),
(88, 86, '2023-10-02', 93, 48),
(89, 107, '2023-05-12', 44, 86),
(90, 138, '2023-06-30', 40, 86),
(91, 152, '2023-08-03', 71, 7),
(92, 88, '2023-08-25', 32, 42),
(93, 98, '2023-10-26', 75, 66),
(94, 164, '2023-07-14', 31, 92),
(95, 105, '2023-07-24', 16, 75),
(96, 178, '2023-05-31', 12, 41),
(97, 122, '2023-09-24', 1, 49),
(98, 138, '2023-10-18', 66, 97),
(99, 98, '2023-07-19', 94, 17),
(100, 155, '2023-05-28', 54, 69),
(101, 94, '2023-09-05', 36, 74),
(102, 114, '2023-09-13', 80, 16),
(103, 155, '2023-05-15', 5, 111),
(104, 174, '2023-08-14', 64, 40),
(105, 93, '2023-09-08', 21, 44),
(106, 95, '2023-09-02', 9,68),
(107, 135, '2023-10-01', 8, 97),
(108, 135, '2023-10-13', 66, 29),
(109, 170, '2023-06-27', 91, 100),
(110, 110, '2023-05-16', 42, 99),
(111, 92, '2023-06-19', 1, 8),
(112, 109, '2023-08-28', 38, 82),
(113, 118, '2023-05-22', 67, 68),
(114, 146, '2023-08-27', 67, 120),
(115, 134, '2023-07-05', 94, 70),
(116, 175, '2023-07-11', 82, 100),
(117, 172, '2023-08-16', 1, 7),
(118, 103, '2023-09-04', 50, 94),
(119, 102, '2023-05-11', 12, 9),
(120, 154, '2023-10-25', 29, 90),
(121, 109, '2023-05-28', 72, 45),
(122, 168, '2023-09-27', 77, 43),
(123, 134, '2023-08-31', 94, 7),
(124, 98, '2023-07-13', 84, 8),
(125, 180, '2023-10-07', 77, 62),
(126, 171, '2023-06-20', 3, 54),
(127, 145, '2023-07-07',7, 20),
(128, 168, '2023-05-04', 58, 8),
(129, 167, '2023-07-18', 23, 32),
(130, 94, '2023-06-03', 57, 61),
(131, 98, '2023-10-16', 57, 126),
(132, 99, '2023-07-12', 61, 10),
(133, 82, '2023-05-20', 36, 127),
(134, 152, '2023-07-19', 82, 4),
(135, 132, '2023-05-23', 44, 90),
(136, 100, '2023-05-20', 70, 26),
(137, 123, '2023-07-20', 82, 99),
(138, 131, '2023-10-23', 17, 33),
(139, 179, '2023-05-26', 47, 34),
(140, 86, '2023-05-20', 67, 92),
(141, 96, '2023-05-23', 54, 46),
(142, 95, '2023-10-09', 54, 92),
(143, 95, '2023-06-18', 89, 42),
(144, 162, '2023-08-30', 13, 52),
(145, 179, '2023-09-15', 64, 60),
(146, 104, '2023-09-27', 19, 46),
(147, 149, '2023-05-08', 63, 51),
(148, 107, '2023-07-28',5,61),
(149, 161, '2023-10-12', 21, 80),
(150, 130, '2023-07-04', 81, 63),
(151, 157, '2023-05-25', 38, 61),
(152, 82, '2023-06-19', 54, 20),
(153, 150, '2023-10-11', 38, 68),
(154, 163, '2023-08-08', 77, 84),
(155, 176, '2023-07-12', 3, 121),
(156, 135, '2023-10-04', 31, 3),
(157, 158, '2023-08-08', 84, 18),
(158, 127, '2023-08-19', 60, 95),
(159, 104, '2023-06-15', 98, 120),
(160, 158, '2023-06-01', 94, 36),
(161, 154, '2023-09-03', 12, 117),
(162, 98, '2023-08-26', 89, 15),
(163, 161, '2023-10-16', 82, 88),
(202, 125, '2023-10-09', 52, 92),
(164, 127, '2023-10-01', 92, 88),
(165, 174, '2023-06-21', 42, 34),
(166, 101, '2023-10-27', 67, 116),
(167, 122, '2023-08-13', 65, 102),
(168, 176, '2023-06-28', 2, 57),
(169, 130, '2023-07-24', 39, 35),
(170, 172, '2023-08-25', 81, 50),
(171, 92, '2023-06-05', 72, 75),
(172, 116, '2023-09-05', 48, 118),
(173, 132, '2023-05-06', 44, 57),
(174, 126, '2023-06-08', 97, 75),
(175, 105, '2023-07-19', 36, 48),
(176, 178, '2023-10-31', 16, 45),
(177, 150, '2023-09-03', 4, 57),
(178, 156, '2023-06-28', 52, 45),
(179, 156, '2023-06-16', 75, 118),
(180, 170, '2023-07-28', 62, 97),
(181, 169, '2023-09-12', 59, 87),
(182, 93, '2023-05-21', 56, 98),
(183, 88, '2023-06-19', 61, 106),
(184, 171, '2023-06-09', 74, 34),
(185, 166, '2023-07-09', 40, 94),
(186, 157, '2023-05-17', 21, 61),
(187, 156, '2023-05-28', 54, 97),
(188, 145, '2023-10-25', 36, 90),
(189, 95, '2023-07-02', 77, 96),
(190, 172, '2023-06-06', 10, 54),
(191, 107, '2023-09-05', 3, 100),
(192, 124, '2023-07-19', 51, 47),
(193, 152, '2023-10-16', 67, 5),
(194, 92, '2023-07-07', 94, 22),
(195, 165, '2023-07-09', 36, 17),
(196, 168, '2023-05-06', 84, 86),
(197, 111, '2023-08-23', 64, 17),
(198, 94, '2023-08-28', 21, 17),
(199, 142, '2023-09-14', 67, 21),
(200, 115, '2023-07-19', 2, 25),
(201, 103, '2023-07-11', 54, 25)

INSERT INTO SummerFest.Estilo_Musical_Artista (ID_Artista,Estilo_De_Musica)
VALUES
  ("637519807","Salsa"),
  ("528478530","Rock"),
  ("384387405","Pop"),
  ("311217191","Reggae"),
  ("181266549","R&B (Rhythm and Blues)"),
  ("577455509","R&B (Rhythm and Blues)"),
  ("407360912","Pop"),
  ("424151966","Rock"),
  ("329936330","Reggae"),
  ("854226424","Punk"),
  ("658243848","Jazz"),
  ("374510672","Pop"),
  ("308222648","Salsa"),
  ("133300435","Hip-hop"),
  ("130392994","Gospel"),
  ("836324045","Blues"),
  ("140978439","Jazz"),
  ("330405260","Salsa"),
  ("391041049","Folk"),
  ("209293201","Gospel"),
  ("424151966","Metal"),
  ("798141494","Pop"),
  ("107817860","Folk"),
  ("424151966","Metal"),
  ("626177277","Pop"),
  ("393926289","R&B (Rhythm and Blues)"),
  ("436834274","Metal"),
  ("708648951","Folk"),
  ("828051355","Rock"),
  ("407940437","Salsa"),
  ("692693720","Salsa"),
  ("851838045","Reggae"),
  ("329936330","Pop"),
  ("474585689","Gospel"),
  ("534309149","Metal"),
  ("894009479","Hip-hop"),
  ("863949297","Metal"),
  ("612752234","Rock"),
  ("575836497","Metal"),
  ("986539864","Rock"),
  ("208433555","Electronic"),
  ("397734908","Electronic"),
  ("742443666","Rock"),
  ("317536868","Salsa"),
  ("308222648","Electronic"),
  ("937746298","R&B (Rhythm and Blues)"),
  ("140978439","Gospel"),
  ("836324045","Electronic"),
  ("598577459","Rock"),
  ("491712811","Folk"),
  ("828051355","Gospel"),
  ("130392994","Punk"),
  ("522017295","Salsa"),
  ("174837956","Reggae"),
  ("407867002","Pop"),
  ("798141494","Jazz"),
  ("130392994","Country"),
  ("374510672","Country"),
  ("959624938","Jazz"),
  ("128169272","Hip-hop"),
  ("205076911","Salsa"),
  ("746610191","Metal"),
  ("632333141","R&B (Rhythm and Blues)"),
  ("607746700","R&B (Rhythm and Blues)"),
  ("140978439","Punk"),
  ("128169272","Punk"),
  ("495955932","Folk"),
  ("585564188","Pop"),
  ("329936330","R&B (Rhythm and Blues)"),
  ("427273707","Jazz"),
  ("474585689","Blues"),
  ("424151966","Punk"),
  ("205076911","Punk"),
  ("130392994","Electronic"),
  ("424151966","Rock"),
  ("804686495","Pop"),
  ("592886232","Punk"),
  ("174837956","Hip-hop"),
  ("670725282","Blues"),
  ("424151966","Hip-hop"),
  ("487353603","Country"),
  ("427273707","R&B (Rhythm and Blues)"),
  ("288134109","Country"),
  ("528478530","Electronic"),
  ("522017295","Pop"),
  ("396358947","Rock"),
  ("311217191","R&B (Rhythm and Blues)"),
  ("325198034","Punk"),
  ("385526357","Folk"),
  ("575836497","Salsa"),
  ("167912212","Salsa"),
  ("675988725","Metal"),
  ("817014747","Electronic"),
  ("317536868","Blues"),
  ("427273707","Country"),
  ("584681823","R&B (Rhythm and Blues)"),
  ("174837956","Metal"),
  ("374510672","Pop"),
  ("692693720","Pop"),
  ("937746298","Reggae"),
  ("130392994","Jazz"),
  ("746515119","Country"),
  ("208433555","Blues"),
  ("408128835","Folk"),
  ("899605848","Blues"),
  ("666465109","Folk"),
  ("107817860","Metal"),
  ("688637662","Metal"),
  ("692693720","Folk"),
  ("708648951","Country"),
  ("637519807","R&B (Rhythm and Blues)"),
  ("369318118","Reggae"),
  ("666465109","Punk"),
  ("532886813","Electronic"),
  ("209293201","Classical"),
  ("593385186","Pop"),
  ("391041049","Salsa"),
  ("450450441","R&B (Rhythm and Blues)"),
  ("312247951","Blues"),
  ("338642767","Folk"),
  ("986539864","Punk"),
  ("846887068","Metal"),
  ("396358947","Hip-hop"),
  ("585564188","Blues"),
  ("584681823","Folk"),
  ("942995790","Blues"),
  ("181266549","Electronic"),
  ("106968141","Metal"),
  ("174837956","Pop"),
  ("496087342","Country"),
  ("491703075","Salsa"),
  ("717371935","Rock"),
  ("956056150","Rock"),
  ("325198034","Metal"),
  ("755340830","Rock"),
  ("317536868","Classical"),
  ("899605848","Gospel"),
  ("133300435","Jazz"),
  ("248532565","Salsa"),
  ("986539864","Hip-hop"),
  ("851838045","Pop"),
  ("430984381","Salsa"),
  ("474585689","Reggae"),
  ("934289830","Salsa"),
  ("208433555","Electronic"),
  ("407360912","Blues"),
  ("288134109","Reggae"),
  ("605239815","Salsa"),
  ("407867002","Electronic"),
  ("717371935","Pop"),
  ("374510672","Classical"),
  ("181266549","R&B (Rhythm and Blues)"),
  ("584681823","Salsa"),
  ("959624938","Hip-hop"),
  ("522017295","Hip-hop"),
  ("828051355","R&B (Rhythm and Blues)"),
  ("308105093","Hip-hop"),
  ("755340830","Blues"),
  ("475198346","R&B (Rhythm and Blues)"),
  ("115494689","Metal"),
  ("817014747","Folk"),
  ("753436333","Reggae"),
  ("860205090","Punk"),
  ("920033333","Hip-hop"),
  ("717371935","Reggae"),
  ("742443666","Reggae"),
  ("612752234","Reggae"),
  ("632333141","Jazz"),
  ("607746700","Punk"),
  ("692693720","Rock"),
  ("598577459","Hip-hop"),
  ("899605848","Country"),
  ("311217191","Punk"),
  ("654506619","Punk"),
  ("229666808","Rock"),
  ("407867002","Folk"),
  ("374510672","Electronic"),
  ("495955932","Gospel"),
  ("534309149","R&B (Rhythm and Blues)"),
  ("407940437","Salsa"),
  ("133300435","Jazz"),
  ("585564188","Gospel"),
  ("312247951","Gospel"),
  ("692693720","Rock"),
  ("575836497","Folk"),
  ("384387405","Reggae"),
  ("531268868","Classical"),
  ("384387405","Reggae"),
  ("475198346","Metal"),
  ("163050614","Blues"),
  ("575836497","Salsa"),
  ("450450441","Rock"),
  ("397734908","Jazz"),
  ("854226424","Pop"),
  ("487353603","Classical"),
  ("336695368","Gospel"),
  ("487353603","Folk"),
  ("937746298","Country"),
  ("926749146","Rock"),
  ("675988725","Classical"),
  ("384387405","Gospel"),
  ("899605848","Reggae"),
  ("329936330","Reggae"),
  ("338642767","Blues"),
  ("855837864","Blues"),
  ("934289830","Pop"),
  ("496087342","Jazz"),
  ("317536868","Hip-hop"),
  ("879632948","Metal"),
  ("130392994","Jazz"),
  ("626177277","Blues"),
  ("836324045","Hip-hop"),
  ("408128835","Country"),
  ("755340830","Punk"),
  ("597252863","Gospel"),
  ("491703075","Salsa"),
  ("130392994","R&B (Rhythm and Blues)"),
  ("384387405","Punk"),
  ("500726389","Blues"),
  ("597252863","Rock"),
  ("632333141","Jazz"),
  ("753436333","Folk"),
  ("920033333","Classical"),
  ("130392994","Pop"),
  ("618266585","Metal"),
  ("670725282","R&B (Rhythm and Blues)"),
  ("605239815","Reggae"),
  ("208433555","Hip-hop"),
  ("369318118","Gospel"),
  ("115494689","Folk"),
  ("670725282","Gospel"),
  ("407867002","Hip-hop"),
  ("666465109","Electronic"),
  ("854226424","Pop"),
  ("308105093","R&B (Rhythm and Blues)"),
  ("894009479","Blues"),
  ("753436333","R&B (Rhythm and Blues)"),
  ("879632948","Folk"),
  ("999230238","R&B (Rhythm and Blues)"),
  ("632333141","Classical"),
  ("717371935","Gospel"),
  ("311685928","Punk"),
  ("613568392","Electronic"),
  ("717371935","Salsa"),
  ("786877825","Classical"),
  ("753436333","Classical"),
  ("487353603","Rock"),
  ("959624938","Jazz"),
  ("208433555","Hip-hop"),
  ("638236359","Rock");

    
INSERT INTO SummerFest.Festival (ID_Festival,Data_De_Inicio,Duracao_Dias,ID_Localizacao,Lotacao_Maxima,Localizacao)
VALUES

(1,'2022-05-29',3,22,16000,'Reverberação de Verão'),
(2,'2023-03-05',6,68,2100,'Festival Esplendor Estival'),
(3,'2023-10-26',1,66,9000,'Festival Horizonte Harmônico'),
(4,'2023-01-16',6,17,30000,'Eco do Éden'),
(5,'2022-08-23',2,64,20000,'Extravagância Estival'),
(6,'2022-05-24',6,95,18000,'Exuberância de Verão'),
(7,'2023-03-03',3,87,3000,'Festival Eclipse Estival'),
(8,'2023-08-29',10,7,32000,'Festival Vibrante Verão'),
(9,'2023-08-20',10,8,25000,'Flamingo Flamboyant'),
(10,'2023-12-23',1,4,26000,'Festival Aventura de Verão'),
(11,'2023-04-26',5,12,1200,'Festival Onda de Verão'),
(12,'2022-07-30',9,75,290,'Festival Luz de Verão'),
(13,'2023-06-06',10,78,2000,'Noites de Verão'),
(14,'2023-01-14',2,11,8000,'Celebração do Solstício'),
(15,'2022-07-05',6,11,28000,'Festival Ritmo da Onda'),
(16,'2024-01-23',3,85,2100,'Festival Luz do Luar'),
(17,'2023-11-02',4,91,1600,'Euforia de Verão'),
(18,'2023-07-24',4,10,190,'Rapsódia de Verão'),
(19,'2024-03-20',7,44,6000,'Reflexo de Verão'),
(20,'2023-09-26',9,84,29000,'Canção do Sol'),
(21,'2023-08-02',4,50,27000,'Fantasia de Verão'),
(22,'2023-12-08',2,72,20000,'Festival Orvalho de Verão'),
(23,'2023-04-21',8,61,20000,'Pulso de Verão'),
(24,'2022-08-09',6,10,26000,'Festival Vozes do Verão'),
(25,'2022-08-19',2,82,700,'Celebração Costeira'),
(26,'2024-04-03',8,98,3200,'Canção do Mar'),
(27,'2023-03-03',9,96,240,'Festival Folclórico de Verão'),
(28,'2023-01-04',6,27,1600,'Requinte de Verão'),
(29,'2023-07-22',8,53,200,'Festival Aurora de Verão'),
(30,'2022-11-09',7,17,6000,'Melodia Marinha'),
(31,'2024-01-12',2,14,26000,'Festa do Sol'),
(32,'2023-07-31',5,45,6000,'Ritmo da Riviera'),
(33,'2023-04-30',9,69,20000,'Encanto de Coral'),
(34,'2024-03-29',4,11,1600,'Verão Sinfônico'),
(35,'2022-11-15',4,13,2000,'Concerto Costeiro'),
(36,'2023-10-24',4,62,300,'Eco do Verão'),
(37,'2022-09-05',1,50,1500,'Luau Melódico'),
(38,'2023-03-24',1,28,11000,'Som da Areia'),
(39,'2023-10-27',8,42,3000,'Festival Néctar de Verão'),
(40,'2022-07-11',2,87,240,'Música do Mar'),
(41,'2023-09-28',9,88,1700,'Orquestra ao Ar Livre'),
(42,'2024-01-03',2,62,2000,'Festival Tropical Tunes'),
(43,'2022-06-09',4,12,80000,'Cordas de Verão'),
(44,'2023-02-20',2,13,3000,'Maratona de Verão'),
(45,'2023-02-27',4,80,1800,'Festival Deserto Musical'),
(46,'2024-05-17',3,84,50000,'Onda Sonora'),
(47,'2024-05-14',9,67,1600,'Brilho de Verão'),
(48,'2022-12-17',1,32,300,'Festival Sinfonia Solar'),
(49,'2023-06-21',1,29,200,'Solares Sonoros'),
(50,'2022-07-16',9,92,21000,'Festival Mar de Melodias'),
(51,'2023-02-14',7,41,27000,'Festival Água-Viva'),
(52,'2022-07-29',1,75,32000,'Música ao Luar'),
(53,'2022-06-13',7,11,2300,'Valsa de Verão'),
(54,'2022-11-28',4,23,2600,'Miragem de Verão'),
(55,'2023-09-17',2,77,18000,'Festival Vento do Verão'),
(56,'2024-04-04',9,27,12000,'Onda de Verão'),
(57,'2022-10-10',8,20,1000,'Espírito de Verão'),
(58,'2022-08-12',5,32,2400,'Despertar de Verão'),
(59,'2023-10-07',8,89,1300,'Festival Sonho de Verão'),
(60,'2023-05-06',1,88,900,'Ressonância do Oceano'),
(61,'2022-11-04',7,98,16000,'Verão Eufônico'),
(62,'2023-04-07',2,34,200,'Festival Oceano de Música'),
(63,'2023-10-14',1,55,2900,'Zênite de Verão'),
(64,'2023-12-07',9,80,170,'Festival Eclipse de Verão'),
(65,'2023-03-14',5,65,6000,'Notas de Verão'),
(66,'2024-01-01',1,57,150,'Festival Sopro de Verão'),
(67,'2023-08-28',6,82,200,'Harmonia do Horizonte'),
(68,'2023-05-07',10,44,28000,'Meo Marés Vivas'),
(69,'2023-07-06',3,14,26000,'Nos Alive'),
(70,'2024-05-15',5,40,7000,'Festival Praia Paradisíaca'),
(71,'2023-02-01',5,64,2300,'Verão Radiante'),
(72,'2023-12-15',8,27,190,'Pôr do Sol Musical'),
(73,'2024-04-10',9,63,2000,'Iluminação de Verão'),
(74,'2022-08-30',2,2,22000,'Festival Fogo de Verão'),
(75,'2024-03-06',1,89,3000,'Alvorada de Verão'),
(76,'2024-03-04',4,1,300,'Ritmo de Verão'),
(77,'2024-05-05',7,10,2000,'Canto do Verão'),
(78,'2023-04-17',5,5,22000,'Serenata de Verão'),
(79,'2023-12-27',6,45,28000,'Luar de Verão'),
(80,'2022-06-04',2,82,8000,'Festival Estrela de Verão'),
(81,'2022-07-09',8,54,100,'Explosão de Verão'),
(82,'2024-03-23',7,77,130,'Dança do Sol'),
(83,'2022-05-29',9,92,1900,'Bússola de Verão'),
(84,'2022-08-02',1,175,12000,'Festival Onda de Calor'),
(85,'2023-06-06',1,70,1100,'Encanto Estival'),
(86,'2024-02-21',9,54,1100,'Celebração do Sol'),
(87,'2022-10-28',7,70,28000,'Sol e Som'),
(88,'2023-10-20',9,63,5000,'Festa na Praia'),
(89,'2023-11-22',8,18,1900,'Verão Melódico'),
(90,'2022-10-30',4,27,28000,'Ressonância de Verão'),
(91,'2022-06-03',2,35,17000,'Vibe de Verão'),
(92,'2023-10-10',5,68,25000,'Maré Musical'),
(93,'2022-11-02',9,14,1000,'Solstício Sonoro'),
(94,'2022-10-13',9,55,2500,'Festival Brisa do Mar'),
(95,'2023-04-11',7,67,1300,'Harmonia do Sol'),
(96,'2023-02-27',2,73,6000,'Verão Vibrante'),
(97,'2022-09-01',1,81,1100,'Oasis Estival'),
(98,'2022-10-11',9,94,100,'Sinfonia de Verão'),
(99,'2023-10-12',3,34,9000,'FestivaSol'),
(100,'2023-10-22',6,94,1800,'Verão Vivo');

INSERT INTO SummerFest.Festival_tem_Barracas(ID_Festival,ID_Barraca)
VALUES
(56, 103),
(17, 79),
(38, 13),
(81, 141),
(94, 46),
(42, 134),
(67, 54),
(5, 26),
(23, 91),
(73, 99),
(19, 145),
(87, 42),
(11, 47),
(63, 72),
(98, 115),
(34, 124),
(50, 100),
(71, 71),
(32, 59),
(58, 138),
(28, 137),
(62, 18),
(46, 68),
(91, 77),
(13, 79),
(84, 104),
(43, 113),
(65, 15),
(26, 44),
(61, 120),
(30, 95),
(99, 64),
(55, 57),
(80, 127),
(39, 123),
(70, 143),
(83, 90),
(1, 5),
(49, 38),
(96, 149),
(89, 119),
(35, 92),
(16, 8),
(7, 39),
(88, 50),
(2, 68),
(52, 109),
(45, 43),
(72, 69),
(18, 24),
(53, 131),
(85, 52),
(97, 30),
(31, 86),
(79, 132),
(75, 97),
(74, 12),
(51, 105),
(48, 125),
(64, 120),
(68, 130),
(92, 98),
(10, 64),
(95, 76),
(66, 14),
(82, 57),
(100, 146),
(9, 42),
(60, 94),
(14, 85),
(57, 7),
(25, 65),
(86, 59),
(78, 22),
(21, 128),
(76, 10),
(37, 137),
(93, 96),
(15, 4),
(20, 77),
(33, 67),
(90, 55),
(12, 139),
(8, 73),
(41, 19),
(54, 132),
(69, 66),
(36, 129),
(44, 3),
(27, 93),
(47, 140),
(59, 34),
(40, 16),
(22, 112),
(77, 78),
(3, 36),
(4, 25),
(6, 63),
(24, 33),
(72, 60),
(31, 139),
(92, 18),
(80, 94),
(13, 143),
(79, 41),
(87, 95),
(88, 16),
(43, 123),
(52, 81),
(71, 5),
(18, 101),
(57, 109),
(26, 12),
(77, 97),
(63, 18),
(21, 130),
(70, 87),
(51, 54),
(94, 94),
(35, 79),
(49, 102),
(30, 30),
(58, 148),
(36, 75),
(14, 10),
(45, 71),
(73, 48),
(90, 116),
(20, 150),
(39, 117),
(9, 119),
(69, 120),
(47, 129),
(65, 15),
(96, 59),
(85, 139),
(56, 144),
(67, 3),
(88, 88),
(17, 87),
(38, 65),
(81, 11),
(94, 33),
(42, 27),
(67, 57),
(5, 90),
(23, 97),
(73, 105),
(19, 63),
(87, 38),
(11, 41),
(63, 61),
(98, 28),
(34, 64),
(50, 79),
(71, 52),
(32, 101),
(58, 120),
(28, 23),
(62, 92),
(46, 70),
(91, 1),
(13, 49),
(84, 96),
(43, 57),
(65, 80),
(26, 10),
(61, 18),
(30, 60),
(99, 16),
(55, 37),
(80, 22),
(39, 54),
(70, 67),
(83, 35),
(1, 82),
(49, 9),
(96, 68),
(29, 58),
(89, 26),
(35, 33),
(16, 123),
(7, 74),
(88, 39),
(2, 5),
(52, 13),
(45, 63),
(72, 52),
(18, 45),
(53, 77),
(85, 32),
(97, 105),
(31, 70),
(79, 145),
(75, 75),
(74, 94),
(51, 137),
(48, 125),
(64, 143),
(68, 12),
(92, 95),
(10, 96),
(95, 111),
(66, 45),
(82, 110),
(100, 78),
(9, 71),
(60, 144),
(14, 32),
(57, 22),
(25, 45),
(86, 98),
(78, 16),
(21, 76),
(76, 104),
(37, 127),
(93, 84),
(15, 98),
(20, 84),
(33, 6),
(90, 24),
(12, 57),
(8, 95),
(41, 34),
(54, 89),
(69, 36),
(36, 130),
(44, 81),
(27, 109),
(47, 120);


INSERT INTO SummerFest.Localizacao (Coordenadas,Localidade,Cidade,Pais,ID_Localizacao)
VALUES
('-22.6526466048, 115.3827283968','Bukit Bintang','Kuala Lumpur','Malaysia',1),
('36.5346960384, 104.089951744','Brooklyn','New York','USA',2),
('46.8089833472, 48.9028358144','De Waterkant','Cape Town','South Africa',3),
('-1.4184568832, -167.9091234816','East Village','New York','USA',4),
('20.462398976, -102.3166336','Brickell','Miami','USA',5),
('42.5035518976, 120.3401342976','Polanco','Mexico City','Mexico',6),
('-46.9386292224, 17.9667831808','Navigli','Milan','Italy',7),
('-68.572289536, 104.3873840128','Apgujeong-dong','Seoul','South Korea',8),
('-76.459720192, -147.8707918848','Central West End','St. Louis','USA',9),
('-38.5355051008, -12.964718592','Gion','Kyoto','Japan',10),
('70.6372158464, 108.4060209152','Shoreditch','London','UK',11),
('44.4737846272, -156.4720321536','Xinyi District','Taipei','Taiwan',12),
('83.2057575424, -145.2251819008','Lastarria','Santiago','Chile',13),
('55.9298328576, 111.6824239104','Vila Madalena','Sao Paulo','Brazil',14),
('27.5552699392, -158.6826007552','Clarke Quay','Singapore','Singapore',15),
('34.2970225664, -142.2369155072','Daan District','Taipei','Taiwan',16),
('87.770898432, 61.4944826368','Back Bay','Boston','USA',17),
('-82.0961659904, -83.707155968','Chinatown','London','UK',18),
('-85.4529844224, -6.2108705792','Uptown','Dallas','USA',19),
('-71.6977342464, -134.8170838016','Connaught Place','New Delhi','India',20),
('41.1556113408, -42.0171273216','Sanayeh','Beirut','Lebanon',21),
('-2.0493010944, -174.9898433536','Kazimierz','Krakow','Poland',22),
('-50.6092012544, -85.2149188608','San Blas','Cusco','Peru',23),
('-58.3310007296, 165.8279631872','Silom','Bangkok','Thailand',24),
('70.3359154176, 172.6691545088','Xintiandi','Shanghai','China',25),
('88.4198116352, 51.2965666816','Roppongi','Tokyo','Japan',26),
('-83.0254773248, -92.1825637376','Roppongi','Tokyo','Japan',27),
('-60.6477258752, 109.1989024768','Mala Strana','Prague','Czech Republic',28),
('20.9636409344, 21.3008539648','Santurce','San Juan','Puerto Rico',29),
('-1.6985156608, -1.4413312','The Pearl','Doha','Qatar',30),
('69.3894742016, -53.538618368','Jumeirah','Dubai','UAE',31),
('39.9171713024, 9.8356993024','Bairro Alto','Lisbon','Portugal',32),
('-3.558698496, 146.895521792','Nakameguro','Tokyo','Japan',33),
('34.6447879168, -6.5735092224','Poblacion','Makati','Philippines',34),
('43.540781056, -117.4308478976','Friedrichshain','Berlin','Germany',35),
('-36.2335352832, -155.2205753344','Chippendale','Sydney','Australia',36),
('30.191995392, 28.3137496064','Chinatown','San Francisco','USA',37),
('-28.0678710272, 176.1105476608','Thamel','Kathmandu','Nepal',38),
('-81.5747591168, -102.27156736','Wanhua District','Taipei','Taiwan',39),
('84.0675715072, 151.3580061696','Puerto Madero','Buenos Aires','Argentina',40),
('-70.9437412352, 81.4167288832','Palermo Soho','Buenos Aires','Argentina',41),
('-55.2110285824, 166.1698649088','Trastevere','Rome','Italy',42),
('-64.5542073344, -159.889961472','Zamalek','Cairo','Egypt',43),
('-34.1459929088, 12.8869105664','Myeong-dong','Seoul','South Korea',44),
('32.1011371008, -143.8235561984','Pudong','Shanghai','China',45),
('-76.1213782016, 148.8188648448','Jardins','Sao Paulo','Brazil',46),
('60.4421465088, -152.161366016','Haight-Ashbury','San Francisco','USA',47),
('77.7437244416, 143.3944600576','Notting Hill','London','UK',48),
('-70.7421027328, 110.9238991872','Testaccio','Rome','Italy',49),
('-46.9778779136, 161.1196174336','Yaletown','Vancouver','Canada',50),
('-5.2805030912, 0.8024758272','Gracia','Barcelona','Spain',51),
('78.215384064, -9.4432602112','Prenzlauer Berg','Berlin','Germany',52),
('-64.9501051904, 159.0445520896','Andrassy ut','Budapest','Hungary',53),
('29.5972209664, 144.29819904','Monti','Rome','Italy',54),
('-69.0712526848, -111.3349859328','Vieux Nice','Nice','France',55),
('42.6696446976, -176.4249991168','El Born','Barcelona','Spain',56),
('64.0983022592, 123.893080064','Old Havana','Havana','Cuba',57),
('45.0909325312, 10.9130984448','Brick Lane','London','UK',58),
('-40.192108032, -116.3544449024','Sodermalm','Stockholm','Sweden',59),
('9.7939874816, -86.4988853248','Haeundae','Busan','South Korea',60),
('16.1361340416, -65.6141915136','Coyoacan','Mexico City','Mexico',61),
('-11.789646336, 64.3932112896','San Marco','Venice','Italy',62),
('4.0996230144, 176.2687611904','Gastown','Vancouver','Canada',63),
('75.8967287808, -124.534975488','Georgetown','Washington D.C.','USA',64),
('-52.1478944768, 145.6590109696','Chelsea','London','UK',65),
('-20.151206912, -82.2255525888','Gamla Stan','Stockholm','Sweden',66),
('71.4224144384, -122.606454784','Miraflores','Lima','Peru',67),
('-2.4235218944, 90.3109036032','La Condesa','Mexico City','Mexico',68),
('-71.4288429056, 93.1025688576','Saint Germain des Prés','Paris','France',69),
('75.946559488, -6.332445184','Norrmalm','Stockholm','Sweden',70),
('-2.0989054976, 18.163341824','Sanlitun','Beijing','China',71),
('-25.7419181056, -125.104067584','Leichhardt','Sydney','Australia',72),
('-37.4763346944, -41.9256280064','Marina Bay','Singapore','Singapore',73),
('30.0306024448, -131.7524278272','Tsim Sha Tsui','Hong Kong','Hong Kong',74),
('26.6555395072, 165.1876594688','Park Guell','Barcelona','Spain',75),
('-34.6460698624, 78.9287001088','Zamalek','Cairo','Egypt',76),
('-73.4704925696, -162.8117764096','Medina','Marrakesh','Morocco',77),
('-6.612022272, -56.6713782272','Recoleta','Buenos Aires','Argentina',78),
('-79.4170937344, 58.8056062976','Palermo','Buenos Aires','Argentina',79),
('53.5570925568, 113.7768905728','Old Montreal','Montreal','Canada',80),
('45.12170496, 166.7385964544','Distillery District','Toronto','Canada',81),
('31.1047754752, 126.5523081216','French Quarter','New Orleans','USA',82),
('13.9687063552, -162.6126219264','Kreuzberg','Berlin','Germany',83),
('76.5950370816, -168.7920611328','De Pijp','Amsterdam','Netherlands',84),
('-29.5694500864, 36.9035817984','Temple Bar','Dublin','Ireland',85),
('-7.1273433088, -10.7646449664','Plaka','Athens','Greece',86),
('-46.1579374592, -75.4842689536','Sultanahmet','Istanbul','Turkey',87),
('-88.3445092352, 45.9685095424','Old Town','Edinburgh','UK',88),
('28.8055523328, -63.034256896','Alfama','Lisbon','Portugal',89),
('52.6274983936, -81.2278944768','Ginza','Tokyo','Japan',90),
('-24.1929713664, -38.9623904256','Copacabana','Rio de Janeiro','Brazil',91),
('80.358333952, 56.5179738112,''Soho','London','UK',92),
('-74.189079552, 107.3216391168','The Rocks','Sydney','Australia',93),
('-86.9405679616, -75.737106432','Montmartre','Paris','France',94),
('83.4067380224, -116.324548096','Shibuya Crossing','Tokyo','Japan',95),
('86.6418992128, 169.397223424','Trastevere','Rome','Italy',96),
('-43.9189354496, -145.8650222592','Le Marais','Paris','France',97),
('-36.9436510208, -46.3141945344','Times Square','New York','USA',98),
('47.6351919104, 116.7359294464','La Rambla','Barcelona','Spain' ,99);

INSERT INTO SummerFest.Nacionalidade_Artista (ID_Artista,Premios)
VALUES
  ("338642767","United Kingdom"),
  ("528478530","Brazil"),
  ("384387405","Mexico"),
  ("584681823","United Kingdom"),
  ("422706283","Ukraine"),
  ("846887068","Vietnam"),
  ("393926289","Austria"),
  ("282464155","Nigeria"),
  ("598577459","Brazil"),
  ("311217191","Peru"),
  ("654506619","Spain"),
  ("282464155","Brazil"),
  ("317536868","Philippines"),
  ("607746700","Spain"),
  ("638236359","Poland"),
  ("422706283","Ireland"),
  ("692693720","South Korea"),
  ("474585689","France"),
  ("248532565","China"),
  ("899605848","India"),
  ("408128835","Costa Rica"),
  ("532886813","Norway"),
  ("934289830","Austria"),
  ("496087342","Brazil"),
  ("597252863","Nigeria"),
  ("968343259","Canada"),
  ("934289830","China"),
  ("968343259","France"),
  ("543277557","Colombia"),
  ("322572613","Philippines"),
  ("937746298","Vietnam"),
  ("312247951","Poland"),
  ("528478530","Brazil"),
  ("658243848","Netherlands"),
  ("968343259","New Zealand"),
  ("475198346","Pakistan"),
  ("999230238","Brazil"),
  ("407940437","South Africa"),
  ("612752234","Ireland"),
  ("879632948","Australia"),
  ("692693720","Austria"),
  ("588780377","Vietnam"),
  ("613568392","United Kingdom"),
  ("450450441","Belgium"),
  ("205076911","Italy"),
  ("688624234","United Kingdom"),
  ("688637662","Poland"),
  ("338642767","Pakistan"),
  ("575836497","Canada"),
  ("934289830","Peru"),
  ("543277557","Germany"),
  ("450450441","India"),
  ("618266585","United Kingdom"),
  ("107817860","Russian Federation"),
  ("106968141","Austria"),
  ("746610191","China"),
  ("174837956","Mexico"),
  ("613568392","Chile"),
  ("670725282","South Africa"),
  ("393926289","Netherlands"),
  ("636980453","Nigeria"),
  ("742443666","United States"),
  ("374510672","Ireland"),
  ("797979265","Netherlands"),
  ("393926289","Brazil"),
  ("597252863","South Korea"),
  ("592886232","India"),
  ("956056150","Chile"),
  ("708648951","Norway"),
  ("115494689","Spain"),
  ("532886813","Italy"),
  ("613568392","Pakistan"),
  ("408128835","Peru"),
  ("753436333","Spain"),
  ("436834274","Sweden"),
  ("717371935","Nigeria"),
  ("742443666","Mexico"),
  ("330405260","Singapore"),
  ("920033333","Russian Federation"),
  ("391041049","South Korea"),
  ("534309149","Spain"),
  ("397734908","United Kingdom"),
  ("688637662","Singapore"),
  ("209293201","Australia"),
  ("675988725","South Africa"),
  ("208433555","Australia"),
  ("312247951","Colombia"),
  ("865120206","France"),
  ("329936330","New Zealand"),
  ("205076911","Ukraine"),
  ("115494689","Ireland"),
  ("879632948","Brazil"),
  ("666465109","Indonesia"),
  ("828051355","Italy"),
  ("288134109","Norway"),
  ("658243848","Belgium"),
  ("167912212","France"),
  ("846887068","China"),
  ("746515119","Costa Rica"),
  ("311217191","United Kingdom"),
  ("968343259","Netherlands"),
  ("436834274","South Korea"),
  ("968343259","South Korea"),
  ("308222648","New Zealand"),
  ("577455509","Australia"),
  ("899605848","Nigeria"),
  ("588780377","Ireland"),
  ("346402638","Poland"),
  ("863949297","Brazil"),
  ("612752234","Mexico"),
  ("613568392","Turkey"),
  ("312247951","Ireland"),
  ("746515119","Chile"),
  ("181266549","Ukraine"),
  ("317536868","Philippines"),
  ("899605848","Ireland"),
  ("396358947","Germany"),
  ("956056150","Costa Rica"),
  ("408128835","Chile"),
  ("531268868","Russian Federation"),
  ("374510672","Philippines"),
  ("613568392","Russian Federation"),
  ("592886232","Turkey"),
  ("209293201","Netherlands"),
  ("534309149","Russian Federation"),
  ("870716782","India"),
  ("692693720","Colombia"),
  ("475198346","Belgium"),
  ("229666808","Vietnam"),
  ("317536868","Australia"),
  ("585564188","Canada"),
  ("855837864","South Korea"),
  ("338642767","Sweden"),
  ("491712811","Spain"),
  ("322572613","India"),
  ("637519807","Brazil"),
  ("592886232","Ukraine"),
  ("618266585","China"),
  ("717371935","Costa Rica"),
  ("140978439","Ireland"),
  ("632333141","Italy"),
  ("491703075","Mexico"),
  ("282464155","Belgium"),
  ("407867002","Chile"),
  ("209293201","Ireland"),
  ("450450441","Indonesia"),
  ("598577459","Colombia"),
  ("288134109","Peru"),
  ("282464155","Spain"),
  ("208433555","Costa Rica"),
  ("584681823","Brazil"),
  ("817014747","Poland"),
  ("688624234","Mexico"),
  ("430984381","United Kingdom"),
  ("956056150","United States"),
  ("330405260","Ireland"),
  ("534309149","Brazil"),
  ("248532565","Norway"),
  ("385526357","France"),
  ("593385186","Peru"),
  ("407940437","Vietnam"),
  ("436834274","Ukraine"),
  ("393926289","Austria"),
  ("592886232","Brazil"),
  ("374510672","China"),
  ("282464155","Australia"),
  ("200124990","Ireland"),
  ("475198346","United Kingdom"),
  ("860205090","Sweden"),
  ("670725282","Chile"),
  ("688637662","Colombia"),
  ("369318118","Poland"),
  ("407940437","China"),
  ("534309149","Spain"),
  ("369318118","Chile"),
  ("208433555","Spain"),
  ("638236359","Chile"),
  ("167912212","Germany"),
  ("407940437","Belgium"),
  ("407360912","Canada"),
  ("934289830","Colombia"),
  ("717371935","Spain"),
  ("532886813","Sweden"),
  ("500726389","China"),
  ("585564188","Colombia"),
  ("475198346","Spain"),
  ("920033333","Netherlands"),
  ("575836497","Mexico"),
  ("851838045","Canada"),
  ("311685928","Mexico"),
  ("666465109","Ukraine"),
  ("369318118","Costa Rica"),
  ("345903488","Nigeria"),
  ("130392994","Sweden"),
  ("329936330","Philippines"),
  ("424151966","Singapore"),
  ("654506619","Norway"),
  ("753436333","Ukraine"),
  ("163050614","Poland"),
  ("688637662","South Africa"),
  ("636980453","United Kingdom"),
  ("937746298","Australia"),
  ("491703075","Austria"),
  ("746515119","South Africa"),
  ("894009479","Poland"),
  ("613568392","Poland"),
  ("670725282","Australia"),
  ("828051355","Ireland"),
  ("167912212","France"),
  ("717371935","Poland"),
  ("956056150","Peru"),
  ("312247951","Vietnam"),
  ("528478530","South Africa"),
  ("746610191","Nigeria"),
  ("675988725","Norway"),
  ("934289830","Mexico"),
  ("959624938","Ireland"),
  ("181266549","Australia"),
  ("317536868","Austria"),
  ("786877825","China"),
  ("817014747","Poland"),
  ("282464155","India"),
  ("534309149","Poland"),
  ("106968141","France"),
  ("407940437","Turkey"),
  ("708648951","Canada"),
  ("717371935","Brazil"),
  ("865120206","South Korea"),
  ("385526357","Germany"),
  ("393926289","Costa Rica"),
  ("851838045","South Africa"),
  ("200124990","Russian Federation"),
  ("532886813","Sweden"),
  ("692693720","South Africa"),
  ("248532565","Poland"),
  ("618266585","Turkey"),
  ("865120206","Indonesia"),
  ("167912212","Philippines"),
  ("407867002","Vietnam"),
  ("804686495","Spain"),
  ("654506619","Canada"),
  ("592886232","New Zealand"),
  ("956056150","India"),
  ("534309149","Canada"),
  ("528478530","Netherlands"),
  ("636980453","Austria"),
  ("115494689","France"),
  ("397734908","Canada"),
  ("407867002","Italy"),
  ("637519807","Mexico");


INSERT INTO SummerFest.Palco (ID_Palco,ID_Patrocinador,Nome)
VALUES
 (1, 65, 'Echo Elysium'),
(2, 3, 'Crescendo Crater'),
(3, 74, 'Crescendo Clouds'),
(4, 40, 'Symphony Sphere'),
(5, 91, 'Bass Bay'),
(6, 36, 'Aria Archipelago'),
(7, 30, 'Riff Ridge'),
(8, 7, 'Pitch Peak'),
(9, 32, 'Symphony Skyline'),
(10, 64, 'Sonic Sea'),
(11, 58, 'Vibrato Valley'),
(12, 55, 'Note Niche'),
(13, 58, 'Fugue Forest'),
(14, 27, 'Sonic Safari'),
(15, 59, 'Riff Rainforest'),
(16, 92, 'Octave Orchard'),
(17, 40, 'Crescendo Crater'),
(18, 87, 'Sonic Skyline'),
(19, 46, 'Pulse Plaza'),
(20, 12, 'Rhythm Ridge'),
(21, 26, 'Ly'),
(22, 43, 'Chord Cliff'),
(23, 82, 'Pulse Plaza'),
(24, 89, 'Beat Basin'),
(25, 3, 'Pitch Peak'),
(26, 15, 'Bass Beach'),
(27, 66, 'Lyric Ledge'),
(28, 15, 'Chord Cavern'),
(29, 22, 'Tone Tundra'),
(30, 29, 'Crescendo Clouds'),
(31, 51, 'Ballad Bridge'),
(32, 62, 'Chord Canyon'),
(33, 64, 'Crescendo Crater'),
(34, 87, 'Echo Enclave'),
(35, 79, 'Aria Atmosphere'),
(36, 76, 'Pulse Plaza'),
(37, 68, 'Sonic Savannah'),
(38, 69, 'Beat Basin'),
(39, 32, 'Melody Mountain'),
(40, 34, 'Chord Canyon'),
(41, 61, 'Cadence Crater'),
(42, 10, 'Melody Marsh'),
(43, 37, 'Cadence Cave'),
(44, 7, 'Harmony Haven'),
(45, 51, 'Percussion Plain'),
(46, 15, 'Bass Beach'),
(47, 22, 'Octave Oasis'),
(48, 85, 'Harmony Haven'),
(49, 39, 'Melody Mesa'),
(50, 97, 'Chord Cascade'),
(51, 95, 'Note Nook'),
(52, 29, 'Sunrise Serenade'),
(53, 54, 'Echo Elysium'),
(54, 94, 'Note Nook'),
(55, 34, 'Bass Bay'),
(56, 48, 'Melodic Meadow'),
(57, 18, 'Fugue Forest'),
(58, 22, 'Ly'),
(59, 61, 'Rhythm Ravine'),
(60, 26, 'Sonic Savannah'),
(61, 74, 'Tempo Tropics'),
(62, 55, 'Crescendo Cove'),
(63, 36, 'Aria Arboretum'),
(64, 71, 'Verse Vista'),
(65, 88, 'Rhythm Ridge'),
(66, 43, 'Sonic Savannah'),
(67, 91, 'Bass Beach'),
(68, 17, 'Stellar Stage'),
(69, 71, 'Echo Estate'),
(70, 79, 'Octave Oasis'),
(71, 98, 'Melody Mountain'),
(72, 69, 'Tone Tower'),
(73, 4, 'Sundown Groove'),
(74, 91, 'Ballad Bay'),
(75, 76, 'Fugue Fjord'),
(76, 96, 'Cadence Citadel'),
(77, 17, 'Riff Ridge'),
(78, 41, 'Echo Estate'),
(79, 22, 'Aria Archipelago'),
(80, 42, 'Echo Estate'),
(81, 66, 'Octave Oasis'),
(82, 48, 'Melody Mountain'),
(83, 14, 'Echo Elysium'),
(84, 99, 'Cadence Canopy'),
(85, 87, 'Note Nest'),
(86, 96, 'Riff Rainforest'),
(87, 58, 'Acoustic Archipelago'),
(88, 54, 'Echo Enclave'),
(89, 43, 'Beat Breeze'),
(90, 97, 'Melody Mountain'),
(91, 13, 'Lyric Ledge'),
(92, 14, 'Note Niche'),
(93, 70, 'Vibrato Vista'),
(94, 96, 'Cadence Cave'),
(95, 80, 'Tempo Trench'),
(96, 45, 'Lyric Lagoon'),
(97, 95, 'Crescendo Crater'),
(98, 74, 'Vibrato Volcano'),
(99, 13, 'Tune Tundra'),
(100, 92, 'Ballad Bridge'),
(101, 94, 'Chord Cavern'),
(102, 36, 'Ballad Balcony'),
(103, 13, 'Melody Marsh'),
(104, 55, 'Tone Tower'),
(105, 58, 'Fugue Forest'),
(106, 32, 'Tempo Tower'),
(107, 86, 'Symphony Skyline'),
(108, 63, 'Sonic Sea'),
(109, 58, 'Melodic Meadow'),
(110, 2, 'Octave Overlook'),
(111, 66, 'Ballad Bridge'),
(112, 10, 'Fugue Fjord'),
(113, 65, 'Cadence Citadel'),
(114, 43, 'Bass Base'),
(115, 13, 'Chord Canyon'),
(116, 89, 'Bass Bay'),
(117, 79, 'Acoustic Atrium'),
(118, 95, 'Vibration Vista'),
(119, 24, 'Note Niche'),
(120, 45, 'Percussion Peninsula'),
(121, 35, 'Harmonic Hollow'),
(122, 50, 'Sonic Sanctuary'),
(123, 52, 'Echo Elysium'),
(124, 43, 'Cadence Canopy'),
(125, 7, 'Rhythm Ravine'),
(126, 18, 'Crescendo Crater'),
(127, 91, 'Chord Cavern'),
(128, 48, 'Luminous Lagoon'),
(129, 95, 'Stellar Stage'),
(130, 35, 'Pitch Pinnacle'),
(131, 58, 'Crescendo Clouds'),
(132, 34, 'Sonic Savannah'),
(133, 49, 'Note Niche'),
(134, 39, 'Lyric Ledge'),
(135, 98, 'Cadence Cove'),
(136, 56, 'Chord Cove~~'),
(137, 70, 'Tempo Tundra')

INSERT SummerFest.Passe_Inclui_Acampamento(ID_Acampamento,Numero_De_Serie_Passe)
VALUES(32, 144), (112, 102), (17, 120), (170, 45), (90, 148), (54, 60), (76, 81), (148, 139), (89, 34), (126, 20), (195, 39), (49, 119), (113, 133), (6, 15), (169, 132), (103, 84), (179, 113), (153, 61), (176, 156), (142, 48), (74, 5), (10, 136), (92, 92), (138, 68), (80, 74), (5, 137), (85, 81), (122, 54), (193, 152), (184, 31), (87, 118), (50, 131), (196, 62), (180, 8), (191, 88), (66, 48), (110, 77), (137, 54), (30, 119), (66, 146), (152, 71), (129, 129), (179, 100), (9, 5), (173, 71), (100, 35), (110, 10), (168, 96), (151, 87), (73, 85), (39, 10), (31, 36), (26, 90), (94, 152), (2, 73), (166, 90), (7, 82), (141, 119), (24, 16), (70, 63), (177, 1), (170, 80), (162, 77), (191, 93), (125, 96), (31, 83), (45, 31), (7, 15), (141, 155), (23, 36), (165, 68), (177, 139), (7, 91), (24, 108), (161, 8), (150, 126), (7, 126), (116, 66), (155, 35), (125, 134), (50, 9), (91, 79), (54, 93), (93, 6), (106, 92), (92, 83), (63, 100), (157, 130), (110, 97), (119, 8), (1, 63), (137, 18), (44, 59), (19, 84), (25, 9), (153, 59), (127, 19), (158, 106), (135, 90), (17, 127), (75, 58), (148, 72), (191, 5), (79, 9), (95, 33), (189, 94), (66, 30), (125, 85), (64, 64), (4, 57), (130, 10), (33, 113), (43, 11), (12, 49), (90, 54), (200, 79), (40, 73), (80, 68), (87, 15), (138, 53), (82, 31), (30, 28), (85, 24), (160, 61), (160, 78), (137, 121), (117, 49), (99, 32), (55, 97), (63, 97), (175, 24), (29, 19), (136, 94), (97, 59), (101, 104), (159, 22), (39, 101), (59, 57), (4, 14), (32, 110), (19, 123), (95, 42), (80, 133), (42, 12), (80, 69), (31, 24), (37, 36), (108, 133), (43, 21), (179, 44), (26, 61), (15, 126), (186, 116), (96, 98), (128, 132), (17, 144), (74, 33), (2, 32), (22, 63), (144, 100), (3, 39), (35, 148), (15, 7), (46, 71), (83, 126), (68, 71), (34, 96), (36, 118), (2, 75), (66, 61), (14, 61), (47, 97), (81, 32), (166, 3), (61, 22), (42, 157), (75, 68), (7, 2), (123, 2), (85, 55), (127, 77), (131, 141), (137, 1), (144, 144), (112, 137), (47, 130), (10, 160), (139, 19), (89, 130), (126, 4), (195, 105), (49, 53), (113, 49), (6, 23), (169, 82), (103, 47), (179, 83), (153, 55), (176, 33), (142, 83), (74, 74), (10, 126), (92, 39), (138, 33), (80, 39), (5, 80), (85, 30), (122, 29), (193, 82), (184, 34), (87, 55), (50, 69), (196, 78), (180, 116), (191, 139), (66, 91), (110, 112), (137, 37), (30, 117), (66, 23), (152, 97), (129, 89), (179, 109), (9, 49), (173, 54), (100, 137), (110, 42), (168, 92), (151, 89), (73, 29), (39, 110), (31, 56), (26, 64), (94, 43), (2, 13), (166, 39), (7, 42), (141, 32), (24, 132), (70, 71), (177, 58), (170, 13), (162, 135), (191, 14), (125, 24), (31, 33), (45, 67), (141, 136), (23, 38), (165, 63), (177, 15), (7, 69), (24, 51), (161, 97), (150, 110), (7, 127), (116, 118), (155, 8), (125, 44), (50, 21), (91, 26), (54, 84), (93, 7), (106, 71), (92, 75), (63, 100), (157, 121), (110, 80), (119, 21), (1, 49), (137, 30), (44, 102), (19, 25), (25, 44), (153, 12), (127, 29), (158, 32), (135, 55), (17, 20), (75, 14), (148, 101), (191, 51), (79, 68), (95, 26), (189, 5), (66, 29), (125, 43), (64, 82), (4, 11), (130, 46), (33, 113), (43, 2), (12, 53), (90, 101), (200, 17), (40, 54), (80, 55), (87, 67), (138, 3); 

INSERT INTO SummerFest.Passe (Numero_De_Serie,Duracao_Dias,Preco,ID_Festival)
VALUES
 (1, 4, 83, 12),
(2, 2, 31, 54),
(3, 10, 113, 72),
(4, 9, 88, 86),
(5, 2, 85, 33),
(6, 5, 59, 9),
(7, 9, 197, 41),
(8, 4, 110, 93),
(9, 3, 110, 62),
(10, 6, 83, 50),
(11, 4, 93, 81),
(12, 3, 136, 1),
(13, 6, 117, 39),
(14, 0, 195, 20),
(15, 7, 122, 71),
(16, 10, 160, 32),
(17, 7, 151, 42),
(18, 5, 80, 55),
(19, 5, 195, 66),
(20, 8, 64, 8),
(21, 3, 137, 69),
(22, 0, 26, 41),
(23, 7, 106, 63),
(24, 6, 19, 95),
(25, 9, 29, 48),
(26, 3, 199, 85),
(27, 0, 25, 12),
(28, 8, 48, 74),
(29, 8, 140, 7),
(30, 2, 38, 46),
(31, 2, 163, 18),
(32, 4, 52, 57),
(33, 3, 48, 97),
(34, 1, 138, 27),
(35, 8, 149, 10),
(36, 3, 104, 16),
(37, 0, 184, 90),
(38, 7, 175, 29),
(39, 0, 145, 3),
(40, 8, 65, 70),
(41, 2, 78, 59),
(42, 10, 107, 81),
(43, 9, 21, 5),
(44, 10, 30, 49),
(45, 9, 195, 98),
(46, 3, 54, 75),
(47, 5, 54, 18),
(48, 4, 51, 99),
(49, 3, 168, 14),
(50, 9, 43, 60),
(51, 4, 37, 68),
(52, 1, 41, 93),
(53, 0, 99, 25),
(54, 5, 167, 51),
(55, 5, 116, 67),
(56, 6, 143, 64),
(57, 1, 17, 78),
(58, 4, 124, 3),
(59, 6, 163, 95),
(60, 9, 19, 46),
(61, 9, 192, 88),
(62, 8, 67, 42),
(63, 3, 132, 2),
(64, 7, 35, 45),
(65, 5, 73, 80),
(66, 7, 150, 1),
(67, 10, 28, 94),
(68, 3, 90, 10),
(69, 7, 111, 32),
(70, 2, 21, 65),
(71, 7, 21, 36),
(72, 8, 75, 62),
(73, 1, 145, 21),
(74, 9, 110, 11),
(75, 5, 81, 24),
(76, 2, 27, 89),
(77, 4, 141, 68),
(78, 9, 194, 16),
(79, 6, 32, 46),
(80, 3, 167, 35),
(81, 10, 127, 76),
(82, 7, 30, 6),
(83, 6, 180, 90),
(84, 9, 153, 73),
(85, 7, 81, 48),
(86, 0, 69, 72),
(87, 0, 70, 84),
(88, 2, 183, 70),
(89, 9, 194, 68),
(90, 1, 60, 96),
(91, 5, 66, 1),
(92, 6, 48, 89),
(93, 9, 18, 25),
(94, 7, 46, 26),
(95, 3, 145, 61),
(96, 1, 183, 29),
(97, 6, 46, 55),
(98, 5, 84, 35),
(99, 4, 143, 48),
(100, 2, 195, 12),
(101, 8, 99, 88),
(102, 1, 173, 49),
(103, 3, 58, 17),
(104, 2, 200, 94),
(105, 6, 165, 28),
(106, 1, 49, 89),
(107, 4, 187, 45),
(108, 7, 175, 95),
(109, 2, 57, 82),
(110, 5, 28, 45),
(111, 4, 194, 29),
(112, 9, 129, 97),
(113, 7, 134, 10),
(114, 9, 40, 5),
(115, 6, 157, 89),
(116, 1, 137, 58),
(117, 3, 155, 80),
(118, 8, 49, 98),
(119, 7, 163, 23),
(120, 7, 20, 84),
(121, 7, 199, 66),
(122, 8, 83, 1),
(123, 2, 131, 35),
(124, 1, 178, 70),
(125, 7, 86, 42),
(126, 5, 176, 71),
(127, 6, 164, 94),
(128, 4, 158, 92),
(129, 7, 31, 9),
(130, 8, 139, 57),
(131, 9, 33, 21),
(132, 5, 61, 30),
(133, 9, 167, 75),
(134, 4, 46, 34),
(135, 4, 187, 73),
(136, 9, 23, 3),
(137, 7, 108, 97),
(138, 3, 122, 28),
(139, 6, 146, 43),
(140, 2, 192, 85),
(141, 2, 42, 12),
(142, 4, 43, 17),
(143, 3, 107, 74),
(144, 2, 191, 64),
(145, 3, 183, 51),
(146, 5, 187, 28),
(147, 5, 34, 80),
(148, 1, 179, 89),
(149, 5, 59, 99),
(150, 3, 137, 66),
(151, 1, 196, 24),
(152, 2, 156, 55),
(153, 3, 158, 62),
(154, 3, 91, 49),
(155, 10, 39, 3),
(156, 2, 76, 67),
(157, 4, 12, 8),
(158, 1, 13, 92),
(159, 5, 105, 79),
(160, 3, 122, 44),
(161, 4, 178, 28),
(162, 0, 40, 66),
(163, 5, 54, 43),
(164, 9, 81, 76),
(165, 7, 177, 24),
(166, 8, 136, 81),
(167, 10, 12, 48),
(168, 9, 176, 7),
(169, 5, 107, 98),
(170, 9, 130, 69),
(171, 1, 91, 57),
(172, 0, 183, 41),
(173, 6, 163, 84),
(174, 6, 47, 36),
(175, 4, 159, 84),
(176, 4, 189, 42),
(177, 5, 129, 6),
(178, 3, 176, 24),
(179, 7, 150, 92),
(180, 6, 180, 56),
(181, 8, 108, 12),
(182, 3, 141, 79),
(183, 6, 182, 71),
(184, 3, 197, 39),
(185, 5, 46, 54),
(186, 1, 112, 47),
(187, 3, 45, 88),
(188, 6, 96, 29),
(189, 1, 157, 38),
(190, 2, 10, 49),
(191, 8, 35, 95),
(192, 6, 96, 45),
(193, 5, 177, 75),
(194, 5, 19, 26),
(195, 9, 80, 17),
(196, 4, 45, 30),
(197, 2, 185, 77),
(198, 3, 118, 54),
(199, 6, 69, 18),
(200, 3, 198, 63)


INSERT INTO SummerFest.Patrocinador (ID_Patrocinador,Nome)
VALUES
  (1,'Tellus LLC'),
(2,'Tincidunt Nunc PC'),
(3,'Duis Cursus Diam Consulting'),
(4,'Pede Institute'),
(5,'Porta Elit Foundation'),
(6,'Arcu Sed PC'),
(7,'Ultrices Corporation'),
(8,'Euismod Enim Etiam Institute'),
(9,'Tellus Non Magna LLC'),
(10,'Maecenas Libero LLP'),
(11,'Posuere Vulputate Inc.'),
(12,'Mauris Company'),
(13,'Pede Ac Urna PC'),
(14,'Pellentesque Foundation'),
(15,'Tortor Institute'),
(16,'Dui Suspendisse Associates'),
(17,'Faucibus Ut Nulla Limited'),
(18,'Malesuada LLC'),
(19,'Ut Odio Corp.'),
(20,'Magna Cras LLC'),
(21,'Etiam Gravida PC'),
(22,'Risus Quis Diam Industries'),
(23,'Elit Associates'),
(24,'Hendrerit Consectetuer Cursus Inc.'),
(25,'Rhoncus Id Mollis Limited'),
(26,'Curabitur Dictum Institute'),
(27,'Nullam Associates'),
(28,'Integer Tincidunt Aliquam PC'),
(29,'Nulla Integer Ltd'),
(30,'Donec Felis Orci Inc.'),
(31,'Nunc Commodo Auctor Corporation'),
(32,'Nibh Phasellus Foundation'),
(33,'Orci Quis Company'),
(34,'Non Bibendum Inc.'),
(35,'Tristique Ltd'),
(36,'Nec Ligula Consectetuer PC'),
(37,'Integer Corp.'),
(38,'Mi Aliquam Consulting'),
(39,'Risus Quis Limited'),
(40,'Magna Phasellus Dolor Consulting'),
(41,'Ipsum Donec Institute'),
(42,'Lacus Vestibulum Associates'),
(43,'Nec Eleifend Non Ltd'),
(44,'Pede Ac Industries'),
(45,'Et Corporation'),
(46,'Elit LLP'),
(47,'Eget Ipsum Consulting'),
(48,'Sed Eget PC'),
(49,'Nunc Sed Orci Incorporated'),
(50,'Conubia Nostra LLP'),
(51,'Vitae Mauris Sit Institute'),
(52,'Vehicula Et Institute'),
(53,'Cum Sociis Associates'),
(54,'Tincidunt Vehicula Risus Inc.'),
(55,'Dui Quis Accumsan Corp.'),
(56,'Aliquam Adipiscing Industries'),
(57,'Amet Nulla LLC'),
(58,'Lobortis Tellus Consulting'),
(59,'Mauris Ut Associates'),
(60,'Nunc Pulvinar Corp.'),
(61,'Sapien Cras Dolor Associates'),
(62,'Mi Ac Mattis LLP'),
(63,'Et PC'),
(64,'In LLC'),
(65,'Donec Est Nunc Corporation'),
(66,'Fusce Diam Nunc PC'),
(67,'Convallis Est Vitae Institute'),
(68,'Fringilla Ltd'),
(69,'A Mi Inc.'),
(70,'Netus Et Malesuada Foundation'),
(71,'Non Justo Foundation'),
(72,'Diam PC'),
(73,'Netus Industries'),
(74,'Magna Limited'),
(75,'Iaculis Enim Sit Associates'),
(76,'Pede Limited'),
(77,'Mi Felis PC'),
(78,'Mattis Ornare Foundation'),
(79,'Lorem Ac Inc.'),
(80,'Cursus Corporation'),
(81,'Nisl Arcu Corp.'),
(82,'Quam A LLP'),
(83,'Vitae Foundation'),
(84,'Nec Euismod In Limited'),
(85,'Suspendisse Commodo Incorporated'),
(86,'Eu Tellus Phasellus Corp.'),
(87,'Tincidunt Aliquam Corp.'),
(88,'Facilisi Sed Neque PC'),
(89,'In Company'),
(90,'Inceptos Foundation'),
(91,'Pulvinar Arcu Limited'),
(92,'Suscipit Est Ac Company'),
(93,'A Aliquet Vel Industries'),
(94,'Urna Inc.'),
(95,'Rhoncus Proin Nisl Ltd'),
(96,'Ut Cursus Luctus Institute'),
(97,'Sed Dolor Fusce LLP'),
(98,'Metus In Inc.'),
(99,'Nunc Sed Industries'),
(100,'In Condimentum Foundation');

INSERT INTO SummerFest.Premios_Artista (ID_Artista,Premios)
VALUES
  ('407867002','International Bluegrass Music Awards (United States)'),
  ('746610191','American Music Awards (United States)'),
  ('209293201','Rock and Roll Hall of Fame (United States)'),
  ('500726389','Brit Awards (United Kingdom)'),
  ('708648951','Billboard Music Awards (United States)'),
  ('688624234','Rock and Roll Hall of Fame (United States)'),
  ('329936330','American Music Awards (United States)'),
  ('522017295','Golden Globe Awards for Best Original Song (United States)'),
  ('491712811','Mercury Prize (United Kingdom)'),
  ('746515119','BET Awards (United States)'),
  ('828051355','American Music Awards (United States)'),
  ('934289830','Academy Awards (Oscars) for Best Original Song (United States)'),
  ('474585689','Billboard Music Awards (United States)'),
  ('163050614','Polar Music Prize (Sweden)'),
  ('396358947','Academy Awards (Oscars) for Best Original Song (United States)'),
  ('311217191','MTV Video Music Awards (United States)'),
  ('817014747','Country Music Association (CMA) Awards (United States)'),
  ('396358947','Rock and Roll Hall of Fame (United States)'),
  ('317536868','Polar Music Prize (Sweden)'),
  ('959624938','Ivor Novello Awards (United Kingdom)'),
  ('597252863','International Bluegrass Music Awards (United States)'),
  ('133300435','MTV Video Music Awards (United States)'),
  ('475198346','Brit Awards (United Kingdom)'),
  ('708648951','Country Music Association (CMA) Awards (United States)'),
  ('209293201','Ivor Novello Awards (United Kingdom)'),
  ('308222648','Country Music Association (CMA) Awards (United States)'),
  ('637519807','Grammy Awards (United States)'),
  ('374510672','International Bluegrass Music Awards (United States)'),
  ('408128835','BET Awards (United States)'),
  ('575836497','MTV Video Music Awards (United States)'),
  ('836324045','Billboard Music Awards (United States)'),
  ('612752234','Mercury Prize (United Kingdom)'),
  ('636980453','Polar Music Prize (Sweden)'),
  ('670725282','Juno Awards (Canada)'),
  ('942995790','Grammy Awards (United States)'),
  ('308222648','Juno Awards (Canada)'),
  ('755340830','Polar Music Prize (Sweden)'),
  ('407360912','BET Awards (United States)'),
  ('133300435','Ivor Novello Awards (United Kingdom)'),
  ('675988725','Grammy Awards (United States)'),
  ('607746700','Country Music Association (CMA) Awards (United States)'),
  ('397734908','Mercury Prize (United Kingdom)'),
  ('528478530','Brit Awards (United Kingdom)'),
  ('396358947','Academy Awards (Oscars) for Best Original Song (United States)'),
  ('688624234','Grammy Awards (United States)'),
  ('229666808','Billboard Music Awards (United States)'),
  ('638236359','Grammy Awards (United States)'),
  ('393926289','International Bluegrass Music Awards (United States)'),
  ('675988725','BET Awards (United States)'),
  ('593385186','Mercury Prize (United Kingdom)'),
  ('312247951','Grammy Awards (United States)'),
  ('708648951','Ivor Novello Awards (United Kingdom)'),
  ('828051355','MTV Video Music Awards (United States)'),
  ('675988725','Country Music Association (CMA) Awards (United States)'),
  ('532886813','Billboard Music Awards (United States)'),
  ('692693720','International Bluegrass Music Awards (United States)'),
  ('959624938','BET Awards (United States)'),
  ('407360912','MTV Video Music Awards (United States)'),
  ('475198346','Golden Globe Awards for Best Original Song (United States)'),
  ('797979265','American Music Awards (United States)'),
  ('588780377','Billboard Music Awards (United States)'),
  ('755340830','MTV Video Music Awards (United States)'),
  ('528478530','Rock and Roll Hall of Fame (United States)'),
  ('450450441','MTV Video Music Awards (United States)'),
  ('670725282','Golden Globe Awards for Best Original Song (United States)'),
  ('369318118','Golden Globe Awards for Best Original Song (United States)'),
  ('407940437','Academy Awards (Oscars) for Best Original Song (United States)'),
  ('618266585','Grammy Awards (United States)'),
  ('329936330','BET Awards (United States)'),
  ('797979265','Mercury Prize (United Kingdom)'),
  ('312247951','Country Music Association (CMA) Awards (United States)'),
  ('312247951','Mercury Prize (United Kingdom)'),
  ('436834274','American Music Awards (United States)'),
  ('708648951','Rock and Roll Hall of Fame (United States)'),
  ('407940437','International Bluegrass Music Awards (United States)'),
  ('407867002','Billboard Music Awards (United States)'),
  ('670725282','Golden Globe Awards for Best Original Song (United States)'),
  ('956056150','International Bluegrass Music Awards (United States)'),
  ('475198346','Golden Globe Awards for Best Original Song (United States)'),
  ('308105093','BET Awards (United States)'),
  ('598577459','Mercury Prize (United Kingdom)'),
  ('115494689','International Bluegrass Music Awards (United States)'),
  ('107817860','BET Awards (United States)'),
  ('959624938','Country Music Association (CMA) Awards (United States)'),
  ('308222648','Rock and Roll Hall of Fame (United States)'),
  ('956056150','MTV Video Music Awards (United States)'),
  ('311685928','Brit Awards (United Kingdom)'),
  ('181266549','Grammy Awards (United States)'),
  ('817014747','MTV Video Music Awards (United States)'),
  ('209293201','Country Music Association (CMA) Awards (United States)'),
  ('181266549','American Music Awards (United States)'),
  ('851838045','Billboard Music Awards (United States)'),
  ('385526357','MTV Video Music Awards (United States)'),
  ('248532565','Juno Awards (Canada)'),
  ('618266585','Country Music Association (CMA) Awards (United States)'),
  ('688637662','Mercury Prize (United Kingdom)'),
  ('986539864','Country Music Association (CMA) Awards (United States)'),
  ('688624234','BET Awards (United States)'),
  ('500726389','Ivor Novello Awards (United Kingdom)'),
  ('325198034','Rock and Roll Hall of Fame (United States)'),
  ('717371935','American Music Awards (United States)'),
  ('491712811','International Bluegrass Music Awards (United States)'),
  ('427273707','Rock and Roll Hall of Fame (United States)'),
  ('385526357','Golden Globe Awards for Best Original Song (United States)'),
  ('407867002','Polar Music Prize (Sweden)'),
  ('942995790','Academy Awards (Oscars) for Best Original Song (United States)'),
  ('612752234','Ivor Novello Awards (United Kingdom)'),
  ('942995790','Rock and Roll Hall of Fame (United States)'),
  ('325198034','Grammy Awards (United States)'),
  ('407940437','Billboard Music Awards (United States)'),
  ('200124990','Country Music Association (CMA) Awards (United States)'),
  ('532886813','Country Music Association (CMA) Awards (United States)'),
  ('531268868','Rock and Roll Hall of Fame (United States)'),
  ('828051355','International Bluegrass Music Awards (United States)'),
  ('322572613','BET Awards (United States)'),
  ('598577459','BET Awards (United States)'),
  ('817014747','Ivor Novello Awards (United Kingdom)'),
  ('632333141','Academy Awards (Oscars) for Best Original Song (United States)'),
  ('374510672','Grammy Awards (United States)'),
  ('593385186','Academy Awards (Oscars) for Best Original Song (United States)'),
  ('920033333','Country Music Association (CMA) Awards (United States)'),
  ('308105093','Mercury Prize (United Kingdom)'),
  ('133300435','Brit Awards (United Kingdom)'),
  ('863949297','BET Awards (United States)'),
  ('450450441','Juno Awards (Canada)'),
  ('209293201','Mercury Prize (United Kingdom)'),
  ('817014747','Polar Music Prize (Sweden)'),
  ('637519807','Mercury Prize (United Kingdom)'),
  ('828051355','BET Awards (United States)'),
  ('338642767','Billboard Music Awards (United States)'),
  ('638236359','Mercury Prize (United Kingdom)'),
  ('675988725','Polar Music Prize (Sweden)'),
  ('638236359','Brit Awards (United Kingdom)'),
  ('597252863','Grammy Awards (United States)'),
  ('753436333','Brit Awards (United Kingdom)'),
  ('430984381','Rock and Roll Hall of Fame (United States)'),
  ('369318118','Rock and Roll Hall of Fame (United States)'),
  ('308222648','Brit Awards (United Kingdom)'),
  ('495955932','Country Music Association (CMA) Awards (United States)'),
  ('863949297','Billboard Music Awards (United States)'),
  ('742443666','Billboard Music Awards (United States)'),
  ('865120206','Brit Awards (United Kingdom)'),
  ('543277557','International Bluegrass Music Awards (United States)'),
  ('495955932','Billboard Music Awards (United States)'),
  ('308222648','Billboard Music Awards (United States)'),
  ('937746298','Juno Awards (Canada)'),
  ('229666808','Golden Globe Awards for Best Original Song (United States)'),
  ('174837956','Billboard Music Awards (United States)'),
  ('336695368','Golden Globe Awards for Best Original Song (United States)'),
  ('427273707','Rock and Roll Hall of Fame (United States)'),
  ('391041049','Billboard Music Awards (United States)'),
  ('638236359','American Music Awards (United States)'),
  ('430984381','Mercury Prize (United Kingdom)'),
  ('496087342','International Bluegrass Music Awards (United States)'),
  ('798141494','American Music Awards (United States)'),
  ('607746700','BET Awards (United States)'),
  ('638236359','Rock and Roll Hall of Fame (United States)'),
  ('407867002','Academy Awards (Oscars) for Best Original Song (United States)'),
  ('851838045','Golden Globe Awards for Best Original Song (United States)'),
  ('584681823','Golden Globe Awards for Best Original Song (United States)'),
  ('345903488','International Bluegrass Music Awards (United States)'),
  ('717371935','Polar Music Prize (Sweden)'),
  ('475198346','Polar Music Prize (Sweden)'),
  ('746515119','Polar Music Prize (Sweden)'),
  ('534309149','Country Music Association (CMA) Awards (United States)'),
  ('865120206','BET Awards (United States)'),
  ('422706283','Country Music Association (CMA) Awards (United States)'),
  ('597252863','International Bluegrass Music Awards (United States)'),
  ('755340830','Mercury Prize (United Kingdom)'),
  ('598577459','Golden Globe Awards for Best Original Song (United States)'),
  ('308222648','Juno Awards (Canada)'),
  ('585564188','Rock and Roll Hall of Fame (United States)'),
  ('325198034','Rock and Roll Hall of Fame (United States)'),
  ('531268868','International Bluegrass Music Awards (United States)'),
  ('607746700','Brit Awards (United Kingdom)'),
  ('688637662','American Music Awards (United States)'),
  ('496087342','Golden Globe Awards for Best Original Song (United States)'),
  ('543277557','Mercury Prize (United Kingdom)'),
  ('130392994','Brit Awards (United Kingdom)'),
  ('115494689','Brit Awards (United Kingdom)'),
  ('658243848','Mercury Prize (United Kingdom)'),
  ('311685928','Polar Music Prize (Sweden)'),
  ('860205090','International Bluegrass Music Awards (United States)'),
  ('575836497','Ivor Novello Awards (United Kingdom)'),
  ('956056150','Academy Awards (Oscars) for Best Original Song (United States)'),
  ('926749146','American Music Awards (United States)'),
  ('474585689','Academy Awards (Oscars) for Best Original Song (United States)'),
  ('140978439','Grammy Awards (United States)'),
  ('500726389','BET Awards (United States)'),
  ('592886232','American Music Awards (United States)'),
  ('860205090','Juno Awards (Canada)'),
  ('325198034','Juno Awards (Canada)'),
  ('543277557','Polar Music Prize (Sweden)'),
  ('369318118','International Bluegrass Music Awards (United States)'),
  ('986539864','Academy Awards (Oscars) for Best Original Song (United States)'),
  ('688624234','Juno Awards (Canada)'),
  ('942995790','Billboard Music Awards (United States)'),
  ('942995790','Ivor Novello Awards (United Kingdom)'),
  ('167912212','American Music Awards (United States)'),
  ('345903488','Polar Music Prize (Sweden)'),
  ('597252863','Ivor Novello Awards (United Kingdom)'),
  ('658243848','Golden Globe Awards for Best Original Song (United States)'),
  ('288134109','Billboard Music Awards (United States)'),
  ('374510672','Golden Globe Awards for Best Original Song (United States)'),
  ('786877825','Rock and Roll Hall of Fame (United States)'),
  ('487353603','Brit Awards (United Kingdom)'),
  ('130392994','Ivor Novello Awards (United Kingdom)'),
  ('282464155','Billboard Music Awards (United States)'),
  ('658243848','Academy Awards (Oscars) for Best Original Song (United States)'),
  ('755340830','Academy Awards (Oscars) for Best Original Song (United States)'),
  ('475198346','Mercury Prize (United Kingdom)'),
  ('717371935','Billboard Music Awards (United States)'),
  ('427273707','Mercury Prize (United Kingdom)'),
  ('670725282','Grammy Awards (United States)'),
  ('920033333','MTV Video Music Awards (United States)'),
  ('106968141','American Music Awards (United States)'),
  ('128169272','International Bluegrass Music Awards (United States)'),
  ('846887068','Ivor Novello Awards (United Kingdom)'),
  ('575836497','Grammy Awards (United States)'),
  ('742443666','Juno Awards (Canada)'),
  ('920033333','Country Music Association (CMA) Awards (United States)'),
  ('374510672','Brit Awards (United Kingdom)'),
  ('637519807','Golden Globe Awards for Best Original Song (United States)'),
  ('106968141','MTV Video Music Awards (United States)'),
  ('330405260','MTV Video Music Awards (United States)'),
  ('167912212','International Bluegrass Music Awards (United States)'),
  ('491712811','Polar Music Prize (Sweden)'),
  ('658243848','Academy Awards (Oscars) for Best Original Song (United States)'),
  ('329936330','Polar Music Prize (Sweden)'),
  ('407867002','Grammy Awards (United States)'),
  ('797979265','International Bluegrass Music Awards (United States)'),
  ('436834274','MTV Video Music Awards (United States)'),
  ('675988725','Golden Globe Awards for Best Original Song (United States)'),
  ('338642767','International Bluegrass Music Awards (United States)'),
  ('618266585','Rock and Roll Hall of Fame (United States)'),
  ('450450441','Rock and Roll Hall of Fame (United States)'),
  ('496087342','International Bluegrass Music Awards (United States)'),
  ('317536868','American Music Awards (United States)'),
  ('894009479','Academy Awards (Oscars) for Best Original Song (United States)'),
  ('588780377','Billboard Music Awards (United States)'),
  ('407360912','Academy Awards (Oscars) for Best Original Song (United States)'),
  ('133300435','Juno Awards (Canada)'),
  ('717371935','Juno Awards (Canada)'),
  ('393926289','Billboard Music Awards (United States)'),
  ('308105093','Billboard Music Awards (United States)'),
  ('626177277','Brit Awards (United Kingdom)'),
  ('798141494','Rock and Roll Hall of Fame (United States)'),
  ('879632948','MTV Video Music Awards (United States)'),
  ('531268868','Polar Music Prize (Sweden)');


INSERT INTO SummerFest.Acampamento (ID_Acampamento,Nome,Duracao_Dias,Acomodidades,ID_Localizacao)
VALUES
(4989237, 'Acampamento da Herdade da Quinta Branca', 7 , 'Bengaloos', 1312424),
(4389473, 'Penhasco de Idanha a Velha' , 4 , 'Tendas' ,5231793   ),
(3137891, 'Parque de Campismo da Herdade da Quinta Branca' , 8 , 'Car-Camping', 1312424),
(4781323, 'Cabeço de Serra da Ponte Maior', 2 , 'Tendas' , 109067),
(2139832, 'Planície do lado velho do Alentejo' , 3 , 'Barracas' , 9128310),
(1382903, 'Parque de Campismo de São Jacinto' , 7 , 'Tendas' , 2839023),
(1238033, 'Car Camping de Portimão', 8 , 'Car-Camping' , 37445932);

INSERT INTO SummerFest.Artista (ID_Artista,Nome_Artistico,Nome_Verdadeiro,Estilo_Musical,Idade,Premios,Nacionalidade)
VALUES
  (89321830,'Don Toliver','Caleb Toliver','Rap',28,'Billboard Music Awards (United States)','United States'),
  (48423893,'Travis Scott','Jacques Webster','Trap',27,'Rock and Roll Hall of Fame (United States)','United States'),
  (90543210,'Lil Uzi Vert','Symere Woods','Trap',27,'American Music Awards (United States)','United States'),
  (57940383,'L7NNON','Lennon dos Santos Barbosa Frassetti','Reggae',29,'BET Awards (United States)','Brasil'),
  (34980023,'X-Tense','Nuno Barreiros','Rap-Tuga',32,'Ivor Novello Awards (United Kingdom)','Portugal'),
  (32743284,'Dillaz','André Saramago','Rap-Tuga',34,'Juno Awards (Canada)','Portugal'),
  (74783973,'6lack','Ricardo Valentine','Rap Consciente',60,'BET Awards (United States)','United States'),
  (89748318,'The Weeknd','Abel Tesfaye','R&B',33,'Juno Awards (Canada)','Canada'),
  (92813987,'Matuê','Matheus Aguiar','Trap',29,'Mercury Prize (United Kingdom)','Brasil'),
  (10312321,'Zé Cabra','Casimiro Afonso','Pimba',57,'Rock and Roll Hall of Fame (United States)','Portugal'),
  (11281301,'Slow J','Joao Coelho','RapTuga',30,'Academy Awards (Oscars) for Best Original Song (United States)','Portugal');

INSERT INTO SummerFest.Barraca(ID_Barraca,Tipo_de_alimentacao,ID_Patrocinador)
VALUES
 (13132133,'Cerveja', 254135134),
(23123123, 'Cerveja', 254135134),
(34324212, 'Sumo', 634578754),
(32132134, 'Hot dogs', 634578754),
(54324332, 'Água', 634578754),
(64132312, 'Água', 779841493),
(32131217, 'Bebidas Brancas', 185423523),
(43243328, 'Hamburguer', 217353453),
(54323429, 'Água', 118379294),
(13213120, 'Churros', 118379294),
(13213121, 'Sumo', 779841493),
(13213122, 'Churros', 312873131),
(13423123, 'Hamburguer', 222535425),
(14831032, 'Cerveja', 475645546),
(31321315, 'Cerveja', 175432324),
(12654436, 'Cerveja', 185423523),
(17653248, 'Frango', 239814783);

INSERT INTO SummerFest.Patrocinador (ID_Patrocinador,Nome)
VALUES
  (312873131,'Pull And Bear'),
(254135134,'Super Bock'),
(313242314,'Microsoft'),
(475645546,'Sagres'),
(585645463,'Moche'),
(634578754,'WTF'),
(779841493,'Vodafone'),
(891034312,'MEO'),
(974091342,'StradiVarius'),
(108471843,'ThinkMusic'),
(118379294,'BETCLIC'),
(124983202,'ESC ONLINE'),
(135435365,'BETANO'),
(142453546,'Razer'),
(155243543,'Logitech'),
(165423253,'PizzaHut'),
(175432324,'Heinekken'),
(185423523,'Eristoff'),
(195325324,'Telepizza'),
(206445363,'McDonalds'),
(217353453,'Bob Burgers'),
(222535425,'FiveGuys'),
(239814783,'Rei Dos Frangos');

INSERT INTO SummerFest.Localizacao (Coordenadas,Localidade,Cidade,Pais,ID_Localizacao)
VALUES
('-22.6526466048, 115.3827283968','Tomar','Leiria','Portugal',1312424),
('36.5346960384, 104.089951744','Aveiro','Aveiro','Portugal',2839023),
('46.8089833472, 48.9028358144','Braga','Braga','South Portugal',37445932),
('-1.4184568832, -167.9091234816','Alentejo','Évora','Portugal',4213903),
('20.462398976, -102.3166336','Pico','Açores','Portugal',5231793),
('42.5035518976, 120.3401342976','Funchal','Madeira','Portugal',6123872),
('-46.9386292224, 17.9667831808','Coimbra','Coimbra','Portugal',7432843),
('-68.572289536, 104.3873840128','Alijó','Vila Real','Portugal',8809213),
('-76.459720192, -147.8707918848','Zambujeira do Mar','Setubal','Portugal',9128310),
('-38.5355051008, -12.964718592','Sintra','Lisboa','Portugal',109067),
('70.6372158464, 108.4060209152','Quarteira','Algarve','Portugal',118754);

INSERT INTO SummerFest.Palco (ID_Palco,ID_Patrocinador,Nome)
VALUES
 (13412431, 142453546, 'Palco Razer'),
(22134332, 475645546, 'Palco Sagres'),
(33781292, 254135134, 'Palco Super Bock'),
(44312332, 185423523, 'Palco Eristoff'),
(5432143, 165423253, 'Palco PizzaHut'),
(6512343, 239814783, 'Palco Rei dos Frangos'),
(7312435, 175432324, 'Palco Heinekken'),
(8641343, 634578754, 'Palco WTF'),
(9789341, 108471843, 'Palco ThinkMusic'),
(10483294, 313242314, 'Palco Microsoft'),
(11431898, 312873131, 'Palco Pull and Bear'),
(12749813, 124983202, 'Palco ESC Online'),
(13413893, 891034312, 'Palco Meo'),
(14431728, 312873131, 'Palco Pull and Bear'),
(15493183, 118379294, 'Palco Betclic');

INSERT INTO SummerFest.Festival (ID_Festival,Data_De_Inicio,Duracao_Dias,ID_Localizacao,Lotacao_Maxima,Nome)
VALUES

(1765547,'2022-05-29',3,9128310,16000,'Rock in Rio'),
(2991653,'2023-03-05',6,6123872,21000,'NOS ALIVE'),
(3870125,'2023-10-26',6,9128310,90000,'Meo Sudoeste'),
(4736109,'2023-01-16',6,6123872,30000,'Meo Marés Vivas'),
(5898677,'2022-08-23',2,6123872,20000,'Meo Kalorama'),
(6019277,'2022-05-24',6,5231793,18000,'ThinkMusic Festival'),
(7327648,'2023-03-03',3,8809213,30000,'Rolling Loud'),
(8019283,'2023-08-29',1,8809213,32000,'Sons do Parque'),
(9735478,'2023-08-20',1,5231793,25000,'Festa da Nossa Senhora da Assunção'),
(1092083,'2023-12-23',1,2839023,260000,'Feira dos Sons'),
(1139486,'2023-04-26',5,9128310,12000,'Beach Party'),
(1210293,'2022-07-30',9,118754,29000,'Vodafone Paredes de Coura'),
(1328139,'2023-06-06',10,109067,20000,'Super Bock Super Rock'),
(1410293,'2023-01-14',3,37445932,80000,'Sumol Summer Fest'),
(1514537,'2022-07-05',6,37445932,28000,'30PRAUM FEST'),
(1619208,'2024-01-23',3,2839023,21000,'Feira de Março'),
(1710297,'2023-11-02',4,7432843,16000,'Queima das Fitas de Coimbra'),
(1931928,'2024-03-20',7,2839023,60000,'Enterro'),
(2010297,'2023-09-26',9,37445932,29000,'Enterro da Gata'),
(2137465,'2023-08-02',4,9128310,27000,'EDP Cool Jazz'),
(2283746,'2023-12-08',2,109067,20000,'Sol da Caparica'),
(2310297,'2023-04-21',8,9128310,20000,'Rock Nordeste'),
(2438476,'2022-08-09',6,118754,26000,'NOS Primavera Sound'),
(2510297,'2022-08-19',2,1312424,700,'Musa Cascais');

INSERT INTO SummerFest.Concerto (Numero_Concerto,Duracao_Minutos,Data_do_Concerto,ID_Festival,ID_Palco)
VALUES
(173849, 121, '2023-08-19', 2510297, 13412431),
(228394, 126, '2023-08-20', 2510297, 22134332),
(319203, 113, '2022-08-09', 2438476, 13412431),
(484759, 134, '2022-08-10', 2438476, 22134332),
(510934, 139, '2022-08-11', 2438476, 15493183),
(610293, 107, '2022-08-12', 2438476 , 15493183),
(710293, 144, '2022-08-13', 2438476, 15493183),
(883745, 81, '2022-08-14', 2438476, 14431728),
(912834, 82, '2023-04-21', 2310297, 14431728),
(103745, 114, '2023-04-22', 2310297, 7312435),
(111928, 113, '2023-04-23', 2310297, 7312435),
(121926, 156, '2023-04-24', 2310297, 7312435),
(131926, 179, '2023-04-25', 2310297, 6512343),
(141725, 98, '2023-04-26', 2310297, 14431728),
(151927, 89, '2023-04-27', 2310297, 13413893),
(168465, 167, '2023-04-28', 2310297, 13413893),
(179374, 134, '2023-04-29', 2310297, 14431728);

UPDATE SummerFest.Festival
SET Password_Festival = '123456'
WHERE ID_Festival >= 1;

UPDATE SummerFest.Acampamento
SET Espaco_Disponivel = 120000
WHERE ID_Acampamento >= 1;